Workbook

Sheet Sheet1
A1: id | B1: Input | C1: Date collected | D1: CAS | E1: EC | F1: Name ECHA-CHEM | G1: ECHA-CHEM checked | H1: REACH tonnage band | I1: On C&L? | J1: Entries C&L | K1: C&L URL | L1: C&L Type | M1: Joint Entries | N1: Classification - Hazard classes | O1: Classification - Hazard statements | P1: Classification - Organs/ExposureRoute | Q1: Labeling - Hazard statements | R1: Labeling - Supplementary Hazard statements | S1: Labeling - Organs/ExposureRoute | T1: Specific concentration limits | U1: M-factors | V1: C&L notes | W1: ED PPP: Yes/No | X1: ED PPP: Status | Y1: ED PPP: Conclusion HH | Z1: ED PPP: Conclusion non-TO | AA1: ED PPP: EFSA conclusion link | AB1: BPR: Yes/No | AC1: BPR: ED HH | AD1: BPR: ED ENV | AE1: ED Assessment List: Yes/No | AF1: ED Assessment List: Outcome | AG1: ED Assessment List: Status | AH1: ED Assessment List: Authority | AI1: ED Assessment List: Last updated | AJ1: SVHC: Yes/No | AK1: SVHC: Reason | AL1: SVHC: Date Inclusion | AM1: SVHC: Decision | AN1: Food additive: Yes/No | AO1: Food additive: E number | AP1: Food flavourings: Yes/No | AQ1: Food flavourings: FL | AR1: SVHC intent: Yes/No | AS1: SVHC intent: Status | AT1: SVHC intent: Scope | AU1: SVHC intent: Last updated | AV1: PACT: Yes/No | AW1: PACT: SEv | AX1: PACT: SEv link | AY1: PACT: DEv | AZ1: PACT: DEv link | BA1: PACT: ED | BB1: PACT: ED link | BC1: PACT: ARN | BD1: PACT: ARN link | BE1: PACT: PBT | BF1: PACT: PBT link | BG1: PACT: CLH | BH1: PACT: CLH link | BI1: PACT: SVHC | BJ1: PACT: SVHC link | BK1: CoRAP: Yes/No | BL1: CoRAP: Initial grounds of Concern | BM1: CoRAP: Status | BN1: CoRAP: Latest update | BO1: casNumber | BP1: rmlId | BQ1: tonnageBand | BR1: name | BS1: ecNumber | BT1: cas | BU1: molFormula | BV1: inchi | BW1: classificationId | BX1: atpCodeName | BY1: chemicalName | BZ1: signalWord | CA1: type | CB1: totalHarmonisedClassifications | CC1: totalIndustryClassifications | CD1: isHarmonized | CE1: classification | CF1: industryClassification | CG1: labelling | CH1: mFactor | CI1: hazards | CJ1: notes | CK1: notClassifiedOrNoGhs
A2: 7 | B2: 1166-46-7 | C2: 10/09/2025 12:45:20 | D2: 1166-46-7 | E2: 214-619-0 | F2: (1,3,4,5,6,7-hexahydro-1,3-dioxo-2H-isoindol-2-yl)methyl (1R-trans)-2,2-dimethyl-3-(2-methylprop-1-enyl)cyclopropanecarboxylate | G2: - | H2: - | I2: Yes | J2: 4 | K2: https://chem.echa.europa.eu/100.013.290/harmonised | L2: Harmonised C&L | M2: - | N2: Carc. 2, Acute Tox. 4 (Oral), STOT SE 2, Aquatic Acute 1, Aquatic Chronic 1 | O2: H351, H302, H371, H400, H410 | P2: - | Q2: H351, H302, H371, H410 | R2: - | S2: - | T2: - | U2: Acute: 100; Chronic: 100 | V2: - | W2: No | X2: - | Y2: - | Z2: - | AA2: - | AB2: No | AC2: - | AD2: - | AE2: Yes | AF2: Under development (BPR) | AG2: Under development | AH2: Germany | AI2: 03-Feb-2021 | AJ2: No | AK2: - | AL2: - | AM2: - | AN2: No | AO2: - | AP2: No | AQ2: - | AR2: No | AS2: - | AT2: - | AU2: - | AV2: Yes | AW2: 0 | AX2: - | AY2: 0 | AZ2: - | BA2: 1 | BB2: https://echa.europa.eu/web/guest/ed-assessment/-/dislist/substance/external/100.013.290 | BC2: 0 | BD2: - | BE2: 0 | BF2: - | BG2: 1 | BH2: https://echa.europa.eu/web/guest/registry-of-clh-intentions-until-outcome/-/dislist/substance/external/100.013.290 | BI2: 0 | BJ2: - | BK2: No | BL2: - | BM2: - | BN2: -
A3: 8 | B3: 141-62-8 | C3: 10/09/2025 12:45:20 | D3: 141-62-8 | E3: 205-491-7 | F3: Decamethyltetrasiloxane | G3: - | H3: 100 - 1,000 tonnes | I3: Yes | J3: 4 | K3: https://chem.echa.europa.eu/100.004.993/self-classified | L3: Notified C&L | M3: REACH Joint | N3: Flam. Liq. 3 | O3: H226 | P3: - | Q3: H226 | R3: - | S3: - | T3: - | U3: Acute: -; Chronic: - | V3: - | W3: No | X3: - | Y3: - | Z3: - | AA3: - | AB3: No | AC3: - | AD3: - | AE3: No | AF3: - | AG3: - | AH3: - | AI3: - | AJ3: Yes | AK3: vPvB (Article 57e) | AL3: https://echa.europa.eu/documents/10162/e9f427a1-e41c-d61a-726a-89666f3de869 | AM3: https://echa.europa.eu/documents/10162/aa51d34c-bdfa-ad9c-4568-25a7d14e1e21 | AN3: No | AO3: - | AP3: No | AQ3: - | AR3: Yes | AS3: Identified SVHC | AT3: vPvB (Article 57e) | AU3: 25-Jun-2025 | AV3: Yes | AW3: 1 | AX3: https://echa.europa.eu/web/guest/information-on-chemicals/evaluation/community-rolling-action-plan/corap-table/-/dislist/substance/external/100.004.993 | AY3: 2 | AZ3: https://echa.europa.eu/web/guest/information-on-chemicals/dossier-evaluation-status/-/dislist/substance/external/100.004.993 | BA3: 0 | BB3: - | BC3: 1 | BD3: https://echa.europa.eu/web/guest/assessment-regulatory-needs/-/dislist/substance/external/100.004.993 | BE3: 1 | BF3: https://echa.europa.eu/web/guest/pbt/-/dislist/substance/external/100.004.993 | BG3: 0 | BH3: - | BI3: 1 | BJ3: https://echa.europa.eu/web/guest/registry-of-svhc-intentions/-/dislist/substance/external/100.004.993 | BK3: Yes | BL3: Suspected PBT/vPvB#Exposure of environment#Wide dispersive use | BM3: Concluded | BN3: 31-Mar-2022
A4: 1 | B4: 141-63-9 | C4: 10/09/2025 12:45:20 | D4: 141-63-9 | E4: 205-492-2 | F4: Dodecamethylpentasiloxane | G4: - | H4: 1,000 - 10,000 tonnes | I4: Yes | J4: 3 | K4: https://chem.echa.europa.eu/100.004.994/self-classified | L4: Notified C&L | M4: REACH Joint | N4: - | O4: - | P4: - | R4: - | S4: - | T4: - | U4: Acute: -; Chronic: - | V4: - | W4: No | X4: - | Y4: - | Z4: - | AA4: - | AB4: No | AC4: - | AD4: - | AE4: No | AF4: - | AG4: - | AH4: - | AI4: - | AJ4: No | AK4: - | AL4: - | AM4: - | AN4: No | AO4: - | AP4: No | AQ4: - | AR4: Yes | AS4: Intention | AT4: vPvB (Article 57e) | AU4: 03-Jan-2025 | AV4: Yes | AW4: 1 | AX4: https://echa.europa.eu/web/guest/information-on-chemicals/evaluation/community-rolling-action-plan/corap-table/-/dislist/substance/external/100.004.994 | AY4: 3 | AZ4: https://echa.europa.eu/web/guest/information-on-chemicals/dossier-evaluation-status/-/dislist/substance/external/100.004.994 | BA4: 0 | BB4: - | BC4: 1 | BD4: https://echa.europa.eu/web/guest/assessment-regulatory-needs/-/dislist/substance/external/100.004.994 | BE4: 1 | BF4: https://echa.europa.eu/web/guest/pbt/-/dislist/substance/external/100.004.994 | BG4: 0 | BH4: - | BI4: 1 | BJ4: https://echa.europa.eu/web/guest/registry-of-svhc-intentions/-/dislist/substance/external/100.004.994 | BK4: Yes | BL4: Suspected PBT/vPvB#Exposure of environment#Wide dispersive use | BM4: Concluded | BN4: 31-Mar-2022
A5: 5 | B5: 85877-79-8 | C5: 10/09/2025 12:45:20 | D5: 85877-79-8 | E5: 619-574-4 | F5: Nonafluorohexyl Trimethoxysilane | G5: 0 | H5: - | I5: Yes | J5: 3 | K5: https://chem.echa.europa.eu/100.121.477/self-classified | L5: Notified C&L | M5: CLP Submission | N5: Aquatic Chronic 2 | O5: H411 | P5: - | Q5: H411 | R5: - | S5: - | T5: - | U5: Acute: -; Chronic: - | V5: - | W5: No | X5: - | Y5: - | Z5: - | AA5: - | AB5: No | AC5: - | AD5: - | AE5: No | AF5: - | AG5: - | AH5: - | AI5: - | AJ5: No | AK5: - | AL5: - | AM5: - | AN5: No | AO5: - | AP5: No | AQ5: - | AR5: No | AS5: - | AT5: - | AU5: - | AV5: Yes | AW5: 0 | AX5: - | AY5: 1 | AZ5: https://echa.europa.eu/web/guest/information-on-chemicals/dossier-evaluation-status/-/dislist/substance/external/100.104.897 | BA5: 0 | BB5: - | BC5: 0 | BD5: - | BE5: 0 | BF5: - | BG5: 0 | BH5: - | BI5: 0 | BJ5: - | BK5: No | BL5: - | BM5: - | BN5: -
A6: 5 | B6: 85877-79-8 | C6: 10/09/2025 12:45:20 | D6: 85877-79-8 | E6: 468-970-1 | F6: ((Perfluorobutyl)ethyl)trimethoxysilane | G6: 1 | H6: Ceased manufacture | I6: Yes | J6: 1 | K6: https://chem.echa.europa.eu/100.104.897/self-classified | L6: Notified C&L | M6: REACH Individual | N6: - | O6: - | P6: - | R6: - | S6: - | T6: - | U6: Acute: -; Chronic: - | V6: - | W6: No | X6: - | Y6: - | Z6: - | AA6: - | AB6: No | AC6: - | AD6: - | AE6: No | AF6: - | AG6: - | AH6: - | AI6: - | AJ6: No | AK6: - | AL6: - | AM6: - | AN6: No | AO6: - | AP6: No | AQ6: - | AR6: No | AS6: - | AT6: - | AU6: - | AV6: Yes | AW6: 0 | AX6: - | AY6: 1 | AZ6: https://echa.europa.eu/web/guest/information-on-chemicals/dossier-evaluation-status/-/dislist/substance/external/100.104.897 | BA6: 0 | BB6: - | BC6: 0 | BD6: - | BE6: 0 | BF6: - | BG6: 0 | BH6: - | BI6: 0 | BJ6: - | BK6: No | BL6: - | BM6: - | BN6: - | BO6: 85877-79-8 | BP6: 100.104.897 | BQ6: Ceased manufacture | BR6: ((Perfluorobutyl)ethyl)trimethoxysilane | BS6: 468-970-1 | BT6: 85877-79-8 | BU6: C9H13F9O3Si | BV6: InChI=1S/C9H13F9O3Si/c1-19-22(20-2,21-3)5-4-6(10,11)7(12,13)8(14,15)9(16,17)18/h4-5H2,1-3H3 | BW6: 341385 | BZ6: {} | CA6: self | CB6: 0 | CC6: 1 | CD6: FALSE | CE6: [] | CF6: [{'classificationId': '341385', 'rmlId': '100.104.897', 'notClassifiedOrNoGhs': 'No GHS data', 'displayOrder': 1, 'clpAnnexIComplianceFlag': True, 'status': 'Inactive', 'dataSource': 'REACH Individual', 'isProminentFlag': True, 'lastUpdateDate': '10-11-2008', 'substanceNotificationPercentage': 100}] | CG6: [] | CH6: {'items': []} | CI6: {'hazardClasses': '-', 'statements': '-', 'targetOrgsAndRoutes': '-', 'labelStatements': '-', 'scl': '-'} | CK6: No GHS data
A7: 10 | B7: 75-09-2 | C7: 10/09/2025 12:45:20 | D7: 75-09-2 | E7: 200-838-9 | F7: dichloromethane; methylene chloride | G7: - | H7: 100,000 - 1,000,000 tonnes | I7: Yes | J7: 19 | K7: https://chem.echa.europa.eu/100.000.763/harmonised | L7: Harmonised C&L | M7: - | N7: Carc. 2 | O7: H351 | P7: - | Q7: H351 | R7: - | S7: - | T7: - | U7: - | V7: - | W7: No | X7: - | Y7: - | Z7: - | AA7: - | AB7: No | AC7: - | AD7: - | AE7: Yes | AF7: postponed | AG7: Concluded | AH7: Italy | AI7: 03-Sep-2021 | AJ7: No | AK7: - | AL7: - | AM7: - | AN7: No | AO7: - | AP7: No | AQ7: - | AR7: No | AS7: - | AT7: - | AU7: - | AV7: Yes | AW7: 1 | AX7: https://echa.europa.eu/web/guest/information-on-chemicals/evaluation/community-rolling-action-plan/corap-table/-/dislist/substance/external/100.000.763 | AY7: 5 | AZ7: https://echa.europa.eu/web/guest/information-on-chemicals/dossier-evaluation-status/-/dislist/substance/external/100.000.763 | BA7: 1 | BB7: https://echa.europa.eu/web/guest/ed-assessment/-/dislist/substance/external/100.000.763 | BC7: 0 | BD7: - | BE7: 0 | BF7: - | BG7: 1 | BH7: https://echa.europa.eu/web/guest/registry-of-clh-intentions-until-outcome/-/dislist/substance/external/100.000.763 | BI7: 0 | BJ7: - | BK7: Yes | BL7: Carcinogenic#Suspected Mutagenic#Suspected Reprotoxic#Potential endocrine disruptor#Suspected Sensitiser#High (aggregated) tonnage | BM7: Concluded | BN7: 25-Aug-2021
A8: 3 | B8: 597-82-0 | C8: 10/09/2025 12:45:20 | D8: 597-82-0 | E8: 209-909-9 | F8: O,O,O-triphenyl phosphorothioate | G8: - | H8: 100 - 1,000 tonnes | I8: Yes | J8: 8 | K8: https://chem.echa.europa.eu/100.009.010/self-classified | L8: Notified C&L | M8: REACH Joint | N8: Aquatic Chronic 1, PBT | O8: H410, EUH440 | P8: - | Q8: H410, EUH440 | R8: - | S8: - | T8: - | U8: Acute: -; Chronic: 10 | V8: - | W8: No | X8: - | Y8: - | Z8: - | AA8: - | AB8: No | AC8: - | AD8: - | AE8: No | AF8: - | AG8: - | AH8: - | AI8: - | AJ8: Yes | AK8: PBT (Article 57d) | AL8: https://echa.europa.eu/documents/10162/dcdb37a7-9c5f-435a-68f8-637c3ba941aa | AM8: https://echa.europa.eu/documents/10162/a6c1c31e-06ff-7611-679a-6cdb078b7bcc | AN8: No | AO8: - | AP8: No | AQ8: - | AR8: Yes | AS8: Identified SVHC | AT8: PBT (Article 57d) | AU8: 22-Jan-2025 | AV8: Yes | AW8: 1 | AX8: https://echa.europa.eu/web/guest/information-on-chemicals/evaluation/community-rolling-action-plan/corap-table/-/dislist/substance/external/100.009.010 | AY8: 4 | AZ8: https://echa.europa.eu/web/guest/information-on-chemicals/dossier-evaluation-status/-/dislist/substance/external/100.009.010 | BA8: 0 | BB8: - | BC8: 0 | BD8: - | BE8: 1 | BF8: https://echa.europa.eu/web/guest/pbt/-/dislist/substance/external/100.009.010 | BG8: 0 | BH8: - | BI8: 1 | BJ8: https://echa.europa.eu/web/guest/registry-of-svhc-intentions/-/dislist/substance/external/100.009.010 | BK8: Yes | BL8: Suspected PBT/vPvB | BM8: Concluded | BN8: 28-May-2025
A9: 4 | B9: 72963-72-5 | C9: 10/09/2025 12:45:20 | D9: 72963-72-5 | E9: 615-873-9 | F9: Imiprothrin | G9: 0 | H9: - | I9: Yes | J9: 1 | K9: https://chem.echa.europa.eu/100.106.762/self-classified | L9: Notified C&L | M9: CLP Submission | N9: Acute Tox. 4 (Oral), Aquatic Acute 1, Aquatic Chronic 1 | O9: H302, H400, H410 | P9: - | Q9: H302, H410 | R9: - | S9: - | T9: - | U9: Acute: -; Chronic: - | V9: - | W9: No | X9: - | Y9: - | Z9: - | AA9: - | AB9: No | AE9: No | AF9: - | AG9: - | AH9: - | AI9: - | AJ9: No | AK9: - | AL9: - | AM9: - | AN9: No | AO9: - | AP9: No | AQ9: - | AR9: No | AS9: - | AT9: - | AU9: - | AV9: Yes | AW9: 0 | AX9: - | AY9: 0 | AZ9: - | BA9: 0 | BB9: - | BC9: 0 | BD9: - | BE9: 0 | BF9: - | BG9: 1 | BH9: https://echa.europa.eu/web/guest/registry-of-clh-intentions-until-outcome/-/dislist/substance/external/100.102.716 | BI9: 0 | BJ9: - | BK9: No | BL9: - | BM9: - | BN9: -
A10: 4 | B10: 72963-72-5 | C10: 10/09/2025 12:45:20 | D10: 72963-72-5 | E10: 428-790-6 | F10: imiprothrin (ISO); reaction mass of [2,5-dioxo-3-(prop-2-yn-1-yl)imidazolidin-1-yl]methyl (1R,3S)-2,2-dimethyl-3-(2-methylprop-1-en-1-yl)cyclopropanecarboxylate and [2,5-dioxo-3-(prop-2-yn-1-yl)imidazolidin-1-yl]methyl (1R,3R)-2,2-dimethyl-3-(2-methylprop-1-en-1-yl)cyclopropanecarboxylate | G10: 1 | H10: 1 - 10 tonnes | I10: Yes | J10: 3 | K10: https://chem.echa.europa.eu/100.102.716/harmonised | L10: Harmonised C&L | M10: - | N10: Carc. 2, Acute Tox. 4 (Inhalation), Acute Tox. 4 (Oral), STOT SE 2, Aquatic Acute 1, Aquatic Chronic 1 | O10: H351, H332, H302, H371, H400, H410 | P10: - | Q10: H351, H332, H302, H371, H410 | R10: - | S10: - | T10: - | U10: Acute: 10; Chronic: 10 | V10: - | W10: No | X10: - | Y10: - | Z10: - | AA10: - | AB10: No | AE10: No | AF10: - | AG10: - | AH10: - | AI10: - | AJ10: No | AK10: - | AL10: - | AM10: - | AN10: No | AO10: - | AP10: No | AQ10: - | AR10: No | AS10: - | AT10: - | AU10: - | AV10: Yes | AW10: 0 | AX10: - | AY10: 0 | AZ10: - | BA10: 0 | BB10: - | BC10: 0 | BD10: - | BE10: 0 | BF10: - | BG10: 1 | BH10: https://echa.europa.eu/web/guest/registry-of-clh-intentions-until-outcome/-/dislist/substance/external/100.102.716 | BI10: 0 | BJ10: - | BK10: No | BL10: - | BM10: - | BN10: - | BO10: 72963-72-5 | BP10: 100.102.716 | BQ10: 1 - 10 tonnes | BR10: imiprothrin (ISO); reaction mass of [2,5-dioxo-3-(prop-2-yn-1-yl)imidazolidin-1-yl]methyl (1R,3S)-2,2-dimethyl-3-(2-methylprop-1-en-1-yl)cyclopropanecarboxylate and [2,5-dioxo-3-(prop-2-yn-1-yl)imidazolidin-1-yl]methyl (1R,3R)-2,2-dimethyl-3-(2-methylprop-1-en-1-yl)cyclopropanecarboxylate | BS10: 428-790-6 | BT10: 72963-72-5 | BW10: 441673 | BX10: ATP15 | BY10: imiprothrin (ISO); reaction mass of: [2,4-dioxo-(2-propyn-1-yl)imidazolidin-3-yl]methyl(1R)-cis-chrysanthemate; [2,4-dioxo-(2-propyn-1-yl)imidazolidin-3-yl]methyl(1R)-trans-chrysanthemate | BZ10: {'signalWordCode': 'Wng', 'signalWordText': 'Warning'} | CA10: harmonised | CB10: 1 | CC10: 3 | CD10: TRUE | CE10: [{'classificationId': '441673', 'rmlId': '100.102.716', 'displayOrder': 2704, 'classifiedHazardId': '875033', 'hazardClassAndCategoryCode': 'Carc. 2', 'hazardStatements': [{'hazardStatementCode': 'H351', 'hazardStatementText': 'Suspected of causing cancer <state route of exposure if it is conclusively proven that no other routes of exposure cause the hazard>.'}], 'targetOrganGroups': [], 'routeExposureGroups': []}, {'classificationId': '441673', 'rmlId': '100.102.716', 'displayOrder': 3103, 'classifiedHazardId': '1694268', 'hazardClassAndCategoryCode': 'Acute Tox. 4 (Inhalation)', 'hazardStatements': [{'hazardStatementCode': 'H332', 'hazardStatementText': 'Harmful if inhaled.'}], 'targetOrganGroups': [], 'routeExposureGroups': []}, {'classificationId': '441673', 'rmlId': '100.102.716', 'displayOrder': 3163, 'classifiedHazardId': '897726', 'hazardClassAndCategoryCode': 'Acute Tox. 4 (Oral)', 'hazardStatements': [{'hazardStatementCode': 'H302', 'hazardStatementText': 'Harmful if swallowed.'}], 'targetOrganGroups': [], 'routeExposureGroups': []}, {'classificationId': '441673', 'rmlId': '100.102.716', 'displayOrder': 3303, 'classifiedHazardId': '1692793', 'hazardClassAndCategoryCode': 'STOT SE 2', 'hazardStatements': [{'hazardStatementCode': 'H371', 'hazardStatementText': 'May cause damage to organs\xa0<or state all organs affected, if known> <state route of exposure if it is conclusively proven that no other routes of exposure cause the hazard>.'}], 'targetOrganGroups': [{'targetOrganGroupId': '3080292', 'targetOrgans': [{'targetOrganGroupId': '3080292', 'targetOrganSystem': 'nervous system', 'targetOrganDisplayOrder': 1}]}], 'routeExposureGroups': [{'routeExposureGroupId': '3109767', 'routeExposures': [{'routeExposureGroupId': '3109767', 'routeOfExposure': 'inhalation', 'routeExposureDisplayOrder': 10}, {'routeExposureGroupId': '3109767', 'routeOfExposure': 'oral', 'routeExposureDisplayOrder': 30}]}]}, {'classificationId': '441673', 'rmlId': '100.102.716', 'displayOrder': 4200, 'classifiedHazardId': '1695003', 'hazardClassAndCategoryCode': 'Aquatic Acute 1', 'hazardStatements': [{'hazardStatementCode': 'H400', 'hazardStatementText': 'Very toxic to aquatic life.'}], 'targetOrganGroups': [], 'routeExposureGroups': []}, {'classificationId': '441673', 'rmlId': '100.102.716', 'displayOrder': 4300, 'classifiedHazardId': '5721663', 'hazardClassAndCategoryCode': 'Aquatic Chronic 1', 'hazardStatements': [{'hazardStatementCode': 'H410', 'hazardStatementText': 'Very toxic to aquatic life with long lasting effects.'}], 'targetOrganGroups': [], 'routeExposureGroups': []}] | CF10: [{'classificationId': '441674', 'rmlId': '100.102.716', 'displayOrder': 1, 'clpAnnexIComplianceFlag': True, 'status': 'Active', 'dataSource': 'REACH Joint', 'isProminentFlag': False, 'lastUpdateDate': '01-10-2024', 'substanceNotificationPercentage': 28}, {'classificationId': '441676', 'rmlId': '100.102.716', 'notClassifiedOrNoGhs': 'No GHS data', 'displayOrder': 2, 'clpAnnexIComplianceFlag': True, 'status': 'No longer valid', 'dataSource': 'REACH Individual', 'isProminentFlag': False, 'lastUpdateDate': '10-11-2008', 'substanceNotificationPercentage': 2}, {'classificationId': '441675', 'rmlId': '100.102.716', 'displayOrder': 3, 'clpAnnexIComplianceFlag': True, 'status': 'Active', 'dataSource': 'CLP Submission', 'isProminentFlag': False, 'lastUpdateDate': '07-02-2019', 'substanceNotificationPercentage': 70}] | CG10: [{'classificationId': '441673', 'rmlId': '100.102.716', 'labellingHazardStatementId': '3655789', 'displayOrder': 1, 'signalWord': {'signalWordCode': 'Wng', 'signalWordText': 'Warning'}, 'hazardStatement': {'hazardStatementCode': 'H351', 'hazardStatementText': 'Suspected of causing cancer <state route of exposure if it is conclusively proven that no other routes of exposure cause the hazard>.'}, 'targetOrgans': [], 'routeExposures': []}, {'classificationId': '441673', 'rmlId': '100.102.716', 'labellingHazardStatementId': '3655788', 'displayOrder': 2, 'signalWord': {'signalWordCode': 'Wng', 'signalWordText': 'Warning'}, 'hazardStatement': {'hazardStatementCode': 'H332', 'hazardStatementText': 'Harmful if inhaled.'}, 'targetOrgans': [], 'routeExposures': []}, {'classificationId': '441673', 'rmlId': '100.102.716', 'labellingHazardStatementId': '3655787', 'displayOrder': 3, 'signalWord': {'signalWordCode': 'Wng', 'signalWordText': 'Warning'}, 'hazardStatement': {'hazardStatementCode': 'H302', 'hazardStatementText': 'Harmful if swallowed.'}, 'targetOrgans': [], 'routeExposures': []}, {'classificationId': '441673', 'rmlId': '100.102.716', 'labellingHazardStatementId': '3655786', 'displayOrder': 4, 'signalWord': {'signalWordCode': 'Wng', 'signalWordText': 'Warning'}, 'hazardStatement': {'hazardStatementCode': 'H371', 'hazardStatementText': 'May cause damage to organs\xa0<or state all organs affected, if known> <state route of exposure if it is conclusively proven that no other routes of exposure cause the hazard>.'}, 'targetOrgans': [{'targetOrganGroupId': '4559550', 'targetOrganSystem': 'nervous system', 'targetOrganDisplayOrder': 1}], 'routeExposures': [{'routeExposureGroupId': '3630517', 'routeOfExposure': 'inhalation', 'routeExposureDisplayOrder': 10}, {'routeExposureGroupId': '3630518', 'routeOfExposure': 'oral', 'routeExposureDisplayOrder': 30}]}, {'classificationId': '441673', 'rmlId': '100.102.716', 'labellingHazardStatementId': '3655785', 'displayOrder': 5, 'signalWord': {'signalWordCode': 'Wng', 'signalWordText': 'Warning'}, 'hazardStatement': {'hazardStatementCode': 'H410', 'hazardStatementText': 'Very toxic to aquatic life with long lasting effects.'}, 'targetOrgans': [], 'routeExposures': []}] | CH10: {'classificationId': '441673', 'mfactorAcute': 10, 'mfactorChronic': 10} | CI10: {'hazardClasses': 'Carc. 2, Acute Tox. 4 (Inhalation), Acute Tox. 4 (Oral), STOT SE 2, Aquatic Acute 1, Aquatic Chronic 1', 'statements': 'H351, H332, H302, H371, H400, H410', 'targetOrgsAndRoutes': '-', 'labelStatements': 'H351, H332, H302, H371, H410', 'scl': '-'} | CJ10: []
A11: 2 | B11: 1195-32-0 | C11: 10/09/2025 12:45:20 | D11: 1195-32-0 | E11: 214-795-9 | F11: p,α-dimethylstyrene | G11: - | H11: - | I11: Yes | J11: 6 | K11: https://chem.echa.europa.eu/100.013.451/self-classified | L11: Notified C&L | M11: CLP Submission | N11: Asp. Tox. 1 | O11: H304 | P11: - | Q11: H304 | R11: - | S11: - | T11: - | U11: Acute: -; Chronic: - | V11: - | W11: No | X11: - | Y11: - | Z11: - | AA11: - | AB11: No | AC11: - | AD11: - | AE11: No | AF11: - | AG11: - | AH11: - | AI11: - | AJ11: No | AK11: - | AL11: - | AM11: - | AN11: No | AO11: - | AP11: Yes | AQ11: FL 01.010 | AR11: No | AS11: - | AT11: - | AU11: - | AV11: Yes | AW11: 0 | AX11: - | AY11: 0 | AZ11: - | BA11: 0 | BB11: - | BC11: 1 | BD11: https://echa.europa.eu/web/guest/assessment-regulatory-needs/-/dislist/substance/external/100.013.451 | BE11: 0 | BF11: - | BG11: 0 | BH11: - | BI11: 0 | BJ11: - | BK11: No | BL11: - | BM11: - | BN11: -
A12: 6 | B12: 413615-35-7 | C12: 10/09/2025 12:45:20 | E12: - | F12: - | G12: - | H12: - | I12: No | J12: - | K12: - | L12: - | M12: - | N12: Not found on C&L | O12: Not found on C&L | P12: - | Q12: Not found on C&L | R12: - | S12: - | T12: - | U12: - | V12: - | W12: Yes | X12: Finalised | Y12: ED | Z12: A conclusion could not be drawn | AA12: https://www.efsa.europa.eu/en/efsajournal/pub/6833 | AB12: No | AC12: - | AD12: - | AE12: No | AF12: - | AG12: - | AH12: - | AI12: - | AJ12: No | AK12: - | AL12: - | AM12: - | AN12: No | AO12: - | AP12: No | AQ12: - | AR12: No | AS12: - | AT12: - | AU12: - | AV12: No | AW12: - | AX12: - | AY12: - | AZ12: - | BA12: - | BB12: - | BC12: - | BD12: - | BE12: - | BF12: - | BG12: - | BH12: - | BI12: - | BJ12: - | BK12: No | BL12: - | BM12: - | BN12: -
A13: 9 | B13: 215-724-4 | C13: 10/09/2025 12:45:20 | E13: 215-724-4 | F13: Carmine | G13: - | H13: 1 - 10 tonnes | I13: Yes | J13: 1 | K13: https://chem.echa.europa.eu/100.014.295/self-classified | L13: Notified C&L | M13: REACH Joint | N13: - | O13: - | P13: - | R13: - | S13: - | T13: - | U13: Acute: -; Chronic: - | V13: - | W13: No | X13: - | Y13: - | Z13: - | AA13: - | AB13: No | AC13: - | AD13: - | AE13: No | AF13: - | AG13: - | AH13: - | AI13: - | AJ13: No | AK13: - | AL13: - | AM13: - | AN13: Yes | AO13: E120 | AP13: No | AQ13: - | AR13: No | AS13: - | AT13: - | AU13: - | AV13: No | AW13: - | AX13: - | AY13: - | AZ13: - | BA13: - | BB13: - | BC13: - | BD13: - | BE13: - | BF13: - | BG13: - | BH13: - | BI13: - | BJ13: - | BK13: No | BL13: - | BM13: - | BN13: -

Sheet Summary
F1: Evaluated for ED in | L1: Also found in
A2: Name (ECHA-CHEM) | B2: Input | C2: CAS number | D2: EC number | E2: Classification | F2: ED assessment | G2: On BPR/PPPR list (for ED-HH; for ED-ENV) | H2: REACH SVHC candidate | I2: REACH SVHC intent | J2: CORAP List | K2: PACT: DEv | L2: PACT: ARN | M2: Food lists | N2: Summary Harmonized | O2: Summary self-classified
A3: =Sheet1!B2 | B3: =Sheet1!F2 | C3: =Sheet1!D2 | D3: =Sheet1!E2 | E3: =IF(Sheet1!N2<>"",Sheet1!N2,"Not classified") | F3: =CONCATENATE(Sheet1!AE2,IF(OR(Sheet1!AE2="No",Sheet1!AE2=""),""," ("&Sheet1!AF2&")")) | G3: ="BPR: "&IF(Sheet1!AB2="Yes","Yes (HH: " &Sheet1!AC2& "; ENV: " &Sheet1!AD2& ")","No")&"; PPR: "&IF(Sheet1!W2="Yes","Yes (HH: "&Sheet1!Y2 &"; ENV: " &Sheet1!Z2& ")","No") | H3: =IF(Sheet1!AJ2="Yes","Yes: " & Sheet1!AK2,"No") | I3: =IF(Sheet1!AR2="Yes","Yes: " & Sheet1!AS2,"No") | J3: =Sheet1!BK2&" ("&Sheet1!BL2&"; "&Sheet1!BM2&")" | K3: =Sheet1!AY2 | L3: =Sheet1!BC2 | M3: =IF(OR(Sheet1!AN2="Yes",Sheet1!AP2="Yes"),"Yes (" & Sheet1!AO2 & "; " & Sheet1!AQ2 & ")", "No") | N3: carcinogenicity | O3: -
A4: =Sheet1!B3 | B4: =Sheet1!F3 | C4: =Sheet1!D3 | D4: =Sheet1!E3 | E4: =IF(Sheet1!N3<>"",Sheet1!N3,"Not classified") | F4: =CONCATENATE(Sheet1!AE3,IF(OR(Sheet1!AE3="No",Sheet1!AE3=""),""," ("&Sheet1!AF3&")")) | G4: ="BPR: "&IF(Sheet1!AB3="Yes","Yes (HH: " &Sheet1!AC3& "; ENV: " &Sheet1!AD3& ")","No")&"; PPR: "&IF(Sheet1!W3="Yes","Yes (HH: "&Sheet1!Y3 &"; ENV: " &Sheet1!Z3& ")","No") | H4: =IF(Sheet1!AJ3="Yes","Yes: " & Sheet1!AK3,"No") | I4: =IF(Sheet1!AR3="Yes","Yes: " & Sheet1!AS3,"No") | J4: =Sheet1!BK3&" ("&Sheet1!BL3&"; "&Sheet1!BM3&")" | K4: =Sheet1!AY3 | L4: =Sheet1!BC3 | M4: =IF(OR(Sheet1!AN3="Yes",Sheet1!AP3="Yes"),"Yes (" & Sheet1!AO3 & "; " & Sheet1!AQ3 & ")", "No") | N4: - | O4: other classification
A5: =Sheet1!B4 | B5: =Sheet1!F4 | C5: =Sheet1!D4 | D5: =Sheet1!E4 | E5: =IF(Sheet1!N4<>"",Sheet1!N4,"Not classified") | F5: =CONCATENATE(Sheet1!AE4,IF(OR(Sheet1!AE4="No",Sheet1!AE4=""),""," ("&Sheet1!AF4&")")) | G5: ="BPR: "&IF(Sheet1!AB4="Yes","Yes (HH: " &Sheet1!AC4& "; ENV: " &Sheet1!AD4& ")","No")&"; PPR: "&IF(Sheet1!W4="Yes","Yes (HH: "&Sheet1!Y4 &"; ENV: " &Sheet1!Z4& ")","No") | H5: =IF(Sheet1!AJ4="Yes","Yes: " & Sheet1!AK4,"No") | I5: =IF(Sheet1!AR4="Yes","Yes: " & Sheet1!AS4,"No") | J5: =Sheet1!BK4&" ("&Sheet1!BL4&"; "&Sheet1!BM4&")" | K5: =Sheet1!AY4 | L5: =Sheet1!BC4 | M5: =IF(OR(Sheet1!AN4="Yes",Sheet1!AP4="Yes"),"Yes (" & Sheet1!AO4 & "; " & Sheet1!AQ4 & ")", "No") | N5: - | O5: other classification
A6: =Sheet1!B5 | B6: =Sheet1!F5 | C6: =Sheet1!D5 | D6: =Sheet1!E5 | E6: =IF(Sheet1!N5<>"",Sheet1!N5,"Not classified") | F6: =CONCATENATE(Sheet1!AE5,IF(OR(Sheet1!AE5="No",Sheet1!AE5=""),""," ("&Sheet1!AF5&")")) | G6: ="BPR: "&IF(Sheet1!AB5="Yes","Yes (HH: " &Sheet1!AC5& "; ENV: " &Sheet1!AD5& ")","No")&"; PPR: "&IF(Sheet1!W5="Yes","Yes (HH: "&Sheet1!Y5 &"; ENV: " &Sheet1!Z5& ")","No") | H6: =IF(Sheet1!AJ5="Yes","Yes: " & Sheet1!AK5,"No") | I6: =IF(Sheet1!AR5="Yes","Yes: " & Sheet1!AS5,"No") | J6: =Sheet1!BK5&" ("&Sheet1!BL5&"; "&Sheet1!BM5&")" | K6: =Sheet1!AY5 | L6: =Sheet1!BC5 | M6: =IF(OR(Sheet1!AN5="Yes",Sheet1!AP5="Yes"),"Yes (" & Sheet1!AO5 & "; " & Sheet1!AQ5 & ")", "No") | N6: - | O6: other classification
A7: =Sheet1!B6 | B7: =Sheet1!F6 | C7: =Sheet1!D6 | D7: =Sheet1!E6 | E7: =IF(Sheet1!N6<>"",Sheet1!N6,"Not classified") | F7: =CONCATENATE(Sheet1!AE6,IF(OR(Sheet1!AE6="No",Sheet1!AE6=""),""," ("&Sheet1!AF6&")")) | G7: ="BPR: "&IF(Sheet1!AB6="Yes","Yes (HH: " &Sheet1!AC6& "; ENV: " &Sheet1!AD6& ")","No")&"; PPR: "&IF(Sheet1!W6="Yes","Yes (HH: "&Sheet1!Y6 &"; ENV: " &Sheet1!Z6& ")","No") | H7: =IF(Sheet1!AJ6="Yes","Yes: " & Sheet1!AK6,"No") | I7: =IF(Sheet1!AR6="Yes","Yes: " & Sheet1!AS6,"No") | J7: =Sheet1!BK6&" ("&Sheet1!BL6&"; "&Sheet1!BM6&")" | K7: =Sheet1!AY6 | L7: =Sheet1!BC6 | M7: =IF(OR(Sheet1!AN6="Yes",Sheet1!AP6="Yes"),"Yes (" & Sheet1!AO6 & "; " & Sheet1!AQ6 & ")", "No") | N7: - | O7: other classification
A8: =Sheet1!B7 | B8: =Sheet1!F7 | C8: =Sheet1!D7 | D8: =Sheet1!E7 | E8: =IF(Sheet1!N7<>"",Sheet1!N7,"Not classified") | F8: =CONCATENATE(Sheet1!AE7,IF(OR(Sheet1!AE7="No",Sheet1!AE7=""),""," ("&Sheet1!AF7&")")) | G8: ="BPR: "&IF(Sheet1!AB7="Yes","Yes (HH: " &Sheet1!AC7& "; ENV: " &Sheet1!AD7& ")","No")&"; PPR: "&IF(Sheet1!W7="Yes","Yes (HH: "&Sheet1!Y7 &"; ENV: " &Sheet1!Z7& ")","No") | H8: =IF(Sheet1!AJ7="Yes","Yes: " & Sheet1!AK7,"No") | I8: =IF(Sheet1!AR7="Yes","Yes: " & Sheet1!AS7,"No") | J8: =Sheet1!BK7&" ("&Sheet1!BL7&"; "&Sheet1!BM7&")" | K8: =Sheet1!AY7 | L8: =Sheet1!BC7 | M8: =IF(OR(Sheet1!AN7="Yes",Sheet1!AP7="Yes"),"Yes (" & Sheet1!AO7 & "; " & Sheet1!AQ7 & ")", "No") | N8: carcinogenicity | O8: -
A9: =Sheet1!B8 | B9: =Sheet1!F8 | C9: =Sheet1!D8 | D9: =Sheet1!E8 | E9: =IF(Sheet1!N8<>"",Sheet1!N8,"Not classified") | F9: =CONCATENATE(Sheet1!AE8,IF(OR(Sheet1!AE8="No",Sheet1!AE8=""),""," ("&Sheet1!AF8&")")) | G9: ="BPR: "&IF(Sheet1!AB8="Yes","Yes (HH: " &Sheet1!AC8& "; ENV: " &Sheet1!AD8& ")","No")&"; PPR: "&IF(Sheet1!W8="Yes","Yes (HH: "&Sheet1!Y8 &"; ENV: " &Sheet1!Z8& ")","No") | H9: =IF(Sheet1!AJ8="Yes","Yes: " & Sheet1!AK8,"No") | I9: =IF(Sheet1!AR8="Yes","Yes: " & Sheet1!AS8,"No") | J9: =Sheet1!BK8&" ("&Sheet1!BL8&"; "&Sheet1!BM8&")" | K9: =Sheet1!AY8 | L9: =Sheet1!BC8 | M9: =IF(OR(Sheet1!AN8="Yes",Sheet1!AP8="Yes"),"Yes (" & Sheet1!AO8 & "; " & Sheet1!AQ8 & ")", "No") | N9: - | O9: other classification
A10: =Sheet1!B9 | B10: =Sheet1!F9 | C10: =Sheet1!D9 | D10: =Sheet1!E9 | E10: =IF(Sheet1!N9<>"",Sheet1!N9,"Not classified") | F10: =CONCATENATE(Sheet1!AE9,IF(OR(Sheet1!AE9="No",Sheet1!AE9=""),""," ("&Sheet1!AF9&")")) | G10: ="BPR: "&IF(Sheet1!AB9="Yes","Yes (HH: " &Sheet1!AC9& "; ENV: " &Sheet1!AD9& ")","No")&"; PPR: "&IF(Sheet1!W9="Yes","Yes (HH: "&Sheet1!Y9 &"; ENV: " &Sheet1!Z9& ")","No") | H10: =IF(Sheet1!AJ9="Yes","Yes: " & Sheet1!AK9,"No") | I10: =IF(Sheet1!AR9="Yes","Yes: " & Sheet1!AS9,"No") | J10: =Sheet1!BK9&" ("&Sheet1!BL9&"; "&Sheet1!BM9&")" | K10: =Sheet1!AY9 | L10: =Sheet1!BC9 | M10: =IF(OR(Sheet1!AN9="Yes",Sheet1!AP9="Yes"),"Yes (" & Sheet1!AO9 & "; " & Sheet1!AQ9 & ")", "No") | N10: - | O10: other classification
A11: =Sheet1!B10 | B11: =Sheet1!F10 | C11: =Sheet1!D10 | D11: =Sheet1!E10 | E11: =IF(Sheet1!N10<>"",Sheet1!N10,"Not classified") | F11: =CONCATENATE(Sheet1!AE10,IF(OR(Sheet1!AE10="No",Sheet1!AE10=""),""," ("&Sheet1!AF10&")")) | G11: ="BPR: "&IF(Sheet1!AB10="Yes","Yes (HH: " &Sheet1!AC10& "; ENV: " &Sheet1!AD10& ")","No")&"; PPR: "&IF(Sheet1!W10="Yes","Yes (HH: "&Sheet1!Y10 &"; ENV: " &Sheet1!Z10& ")","No") | H11: =IF(Sheet1!AJ10="Yes","Yes: " & Sheet1!AK10,"No") | I11: =IF(Sheet1!AR10="Yes","Yes: " & Sheet1!AS10,"No") | J11: =Sheet1!BK10&" ("&Sheet1!BL10&"; "&Sheet1!BM10&")" | K11: =Sheet1!AY10 | L11: =Sheet1!BC10 | M11: =IF(OR(Sheet1!AN10="Yes",Sheet1!AP10="Yes"),"Yes (" & Sheet1!AO10 & "; " & Sheet1!AQ10 & ")", "No") | N11: carcinogenicity | O11: -
A12: =Sheet1!B11 | B12: =Sheet1!F11 | C12: =Sheet1!D11 | D12: =Sheet1!E11 | E12: =IF(Sheet1!N11<>"",Sheet1!N11,"Not classified") | F12: =CONCATENATE(Sheet1!AE11,IF(OR(Sheet1!AE11="No",Sheet1!AE11=""),""," ("&Sheet1!AF11&")")) | G12: ="BPR: "&IF(Sheet1!AB11="Yes","Yes (HH: " &Sheet1!AC11& "; ENV: " &Sheet1!AD11& ")","No")&"; PPR: "&IF(Sheet1!W11="Yes","Yes (HH: "&Sheet1!Y11 &"; ENV: " &Sheet1!Z11& ")","No") | H12: =IF(Sheet1!AJ11="Yes","Yes: " & Sheet1!AK11,"No") | I12: =IF(Sheet1!AR11="Yes","Yes: " & Sheet1!AS11,"No") | J12: =Sheet1!BK11&" ("&Sheet1!BL11&"; "&Sheet1!BM11&")" | K12: =Sheet1!AY11 | L12: =Sheet1!BC11 | M12: =IF(OR(Sheet1!AN11="Yes",Sheet1!AP11="Yes"),"Yes (" & Sheet1!AO11 & "; " & Sheet1!AQ11 & ")", "No") | N12: - | O12: other classification
A13: =Sheet1!B12 | B13: =Sheet1!F12 | C13: =Sheet1!D12 | D13: =Sheet1!E12 | E13: =IF(Sheet1!N12<>"",Sheet1!N12,"Not classified") | F13: =CONCATENATE(Sheet1!AE12,IF(OR(Sheet1!AE12="No",Sheet1!AE12=""),""," ("&Sheet1!AF12&")")) | G13: ="BPR: "&IF(Sheet1!AB12="Yes","Yes (HH: " &Sheet1!AC12& "; ENV: " &Sheet1!AD12& ")","No")&"; PPR: "&IF(Sheet1!W12="Yes","Yes (HH: "&Sheet1!Y12 &"; ENV: " &Sheet1!Z12& ")","No") | H13: =IF(Sheet1!AJ12="Yes","Yes: " & Sheet1!AK12,"No") | I13: =IF(Sheet1!AR12="Yes","Yes: " & Sheet1!AS12,"No") | J13: =Sheet1!BK12&" ("&Sheet1!BL12&"; "&Sheet1!BM12&")" | K13: =Sheet1!AY12 | L13: =Sheet1!BC12 | M13: =IF(OR(Sheet1!AN12="Yes",Sheet1!AP12="Yes"),"Yes (" & Sheet1!AO12 & "; " & Sheet1!AQ12 & ")", "No") | N13: - | O13: other classification
A14: =Sheet1!B13 | B14: =Sheet1!F13 | C14: =Sheet1!D13 | D14: =Sheet1!E13 | E14: =IF(Sheet1!N13<>"",Sheet1!N13,"Not classified") | F14: =CONCATENATE(Sheet1!AE13,IF(OR(Sheet1!AE13="No",Sheet1!AE13=""),""," ("&Sheet1!AF13&")")) | G14: ="BPR: "&IF(Sheet1!AB13="Yes","Yes (HH: " &Sheet1!AC13& "; ENV: " &Sheet1!AD13& ")","No")&"; PPR: "&IF(Sheet1!W13="Yes","Yes (HH: "&Sheet1!Y13 &"; ENV: " &Sheet1!Z13& ")","No") | H14: =IF(Sheet1!AJ13="Yes","Yes: " & Sheet1!AK13,"No") | I14: =IF(Sheet1!AR13="Yes","Yes: " & Sheet1!AS13,"No") | J14: =Sheet1!BK13&" ("&Sheet1!BL13&"; "&Sheet1!BM13&")" | K14: =Sheet1!AY13 | L14: =Sheet1!BC13 | M14: =IF(OR(Sheet1!AN13="Yes",Sheet1!AP13="Yes"),"Yes (" & Sheet1!AO13 & "; " & Sheet1!AQ13 & ")", "No") | N14: - | O14: other classification
