Workbook
Name OLE_LINK3: 'COMPOSITION_old '!$D$24

Sheet use instructions
B3: 1. fill in the mandatory fields in the composition sheet
B4: 2. update all the green sheets with the latest database (download)

Sheet SoC screening tool ENV
A1: Guidance on the Biocidal Products Regulation
A2: Volume IV Environment - Assessment and Evaluation (Parts B + C)
A3: Version 2.0 October 2017
B7: Guidance on BPR: Vol IV Environment Parts B+C, Version 2.0 October 2017 identification of substances of concern | C7: screening tool
A8: ID SoC | B8: § 8.1 A SoC is a co-formulant in a biocidal product which meets at least one of the conditions specified in Article 3(f): * a substance classified as dangerous or that meets the criteria to be classified as dangerous according to Directive 67/548/EEC, and that is present in the biocidal product at a concentration leading the product to be regarded as dangerous within the meaning of Articles 5, 6 and 7 of Directive 1999/45/EC, or * a substance classified as hazardous or that meets the criteria for classification as hazardous according to Regulation (EC) No 1272/2008, and that is present in the biocidal product at a concentration leading the product to be regarded as hazardous within the meaning of that Regulation, * a substance which meets the criteria for being a persistent organic pollutant (POP) under Regulation (EC) No 850/2004, or which meets the criteria for being persistent, bio-accumulative and toxic (PBT) or very persistent and very bio-accumulative (vPvB) in accordance with Annex XIII to Regulation (EC) No 1907/2006; | C8: - check for presence of ENV classification (H'*) of the substance and the mixture - check if the substance is present on the list of suspected substances of high concern / show for which criterium (POP, PBT or vPvB)
A9: Other grounds for concern | B9: 1. Active substances (AS) from other product types (PTs) contained in the product for which a draft final Competent Authority Report (CAR, with an agreed risk assessment) is available. This criterion identifies other active substances in the biocidal product that act as co-formulants. Those substances should be regarded as SoCs because they potentially affect environmental organisms due to their intrinsic biological activity. They should be considered as SoCs if they are present in the biocidal product at a concentration ≥ 0.1%. ! This concentration limit is not applicable to PBT- or vPvB- substances and endocrine disrupting chemicals (EDs), as safe concentration limits cannot be derived for those substances. It needs to be checked whether this concentration limit is valid for the respective substance as highly toxic substances may contribute to the overall toxicity of the product even when contained to very small amounts in the product, i.e a co-formulant should be regarded as SoC if the PNEC of the respective substance is lower than the PNEC of the a.s. even though its concentration in the product is below the 0.1% criterion. exemptions are possible under the following condition: the substance is contained in Annex I of the BPR | C9: - check substance presence on the list 'ECHA list of bioicidal active substances' by CASnr - check if Annex I AS TODO: check yourself if the PNECS SoC < PNECS AS ; concentration > 0.1%
B10: 2. Substances that enhance the effect of the active substance in the product, e.g. synergists. For synergists, information/data shall be provided related to the interaction between the active substance and the synergist, not only for the synergist itself. For such substances, an appropriate evaluation of the risks posed by the active substance in the presence of the synergist rather than an evaluation of the risks posed by the synergist itself should be undertaken. A generic concentration cut-off value for the presence of a synergist in a product, applicable to all synergists cannot be specified. On a case-by-case basis, a synergist should be considered a SoC, if it is present at a concentration that enhances the toxicity of the active substance, as indicated by the available data. Furthermore, the hazard profile, potency and exposure potential of the substance enhancing the effects of the active substance should be taken into account. Further details on the identification of synergists can be found in section 10.2.3. Also diluents, (lipophilic) organic solvents and surfactants like e.g. naptha may influenc e the toxicity of a mixture by enhancing the bioavailability of the active substance(s) and should therefore be regarded carefully. In principle, all co-formulants need to be checked for a potential influence on the toxicity of the other product components. | C10: - ask for synergictic effects to the registration holder - check for synergists in tab synergists
B11: 3. Substances that have been included in the candidate list established in accordance with the REACH Regulation (1907/2006/EC, as amended), Article 57 (f) and 59(1) or fulfil the criteria for inclusion in the candidate list, if not already covered by the criteria of Article 3(f) of the BPR (see above). This criterion will capture, the clearly-defined SoCs specified in Article 3(f) of the BPR as well as endocrine disruptors (EDs) and PBT-substances which are not covered by Article 57 (d-e) of the REACH Regulation. | C11: see first criterium
B12: 4. Substances which meet two of the criteria for being PBT in accordance with Annex XIII to Regulation (EC) No 1907/2006, as amended.
B13: 5. Substances for which an Environmental Quality Standard (EQS) has been derived under Directive 2000/60/EC (Water Framework Directive; according to paragraph 67, Annex VI, BPR). | C13: - check EQS WFD database https://eur-lex.europa.eu/legal-content/EN/TXT/HTML/?uri=CELEX:02008L0105-20130913&from=EN
B15: exemptions are possible if the substances are contributing only to a very limited extent to the overall toxicity of the mixture (see section 10.2.2 as well as Appendix 9, Appendix 10 and Appendix 12) and are neither EDs nor PBT- or vPvB-substances. The causes leading to the (non-)classification of a substance as a substance of concern (SoC) need to be documented, i.e. for all substances present in a biocidal product it needs to be checked (and reported) whether they meet one of the criteria described above. It is up to the applicant to provide such an assessment to the evaluating CA.
B17: ca doc about limit 0.1%

Sheet COMPOSITION_old
F2: IF(ISNUMBER(MATCH(G7,'ECHA candidate SVHC 20230301'!D:D,0)),"TRUE","False") | Y2: HH | AE2: ENV | AK2: outcome screening
M3: outcome screening | N3: ENV. cat. 1 | O3: ENV. cat. 2 | P3: ENV. cat. 2 | Q3: ENV. cat. 2 | R3: ENV cat. 4 | S3: ENV cat. 5 | T3: ENV cat. 6 | U3: ENV cat. 4 | W3: ENV cat. 3 | X3: outcome screening | Y3: HH cat. 1 | Z3: HH cat. 2 | AA3: HH cat. 3 | AB3: HH cat. 4 | AC3: HH cat. 5 | AE3: ENV. cat. 1 | AF3: ENV. cat. 2 | AG3: ENV cat. 3 | AH3: ENV cat. 4 | AI3: ENV cat. 5 | AJ3: ENV cat. 6
F4: VLOOKUP(G7,'ECHA biocidal AS_20230301'!C6:H1473,6,FALSE) | N4: - | Y4: band A or B | Z4: band C | AA4: band C | AB4: band D | AC4: band C | AE4: -
N5: QuaLitative or QuaNitative | O5: QuaLitative or QuaNitative | P5: QuaLitative or QuaNitative | Q5: QuaLitative or QuaNitative | R5: QuaLitative or QuaNitative | S5: QuaLitative or QuaNitative | T5: QuaLitative or QuaNitative | U5: QuaLitative or QuaNitative | W5: QuaNitative | Y5: QuaLitative | Z5: QuaNitative | AA5: QuaNitative | AB5: QuaNitative | AC5: QuaNitative | AE5: QuaLitative or QuaNitative | AF5: QuaLitative or QuaNitative | AG5: QuaNitative | AH5: QuaLitative or QuaNitative | AI5: QuaLitative or QuaNitative | AJ5: QuaLitative or QuaNitative
B6: No | C6: Company | D6: Product | E6: Product classification | F6: Ingredient name | G6: CAS | H6: EC | I6: Classification from SDS | J6: Vapor pressure (>0.01 Pa Consexpo calcl.) | L6: Concentration (%) | M6: ID as possible SoC | N6: triggers ENV class | O6: Annex 1 AS | P6: lookup AS and NOT Annex I | Q6: AS + (conc > 0.1% or ED or PBT or PNEC < PNEC AS) | R6: lookup vPvB, PBT | S6: lookup B and T ccriteria | T6: lookup EQS list WFD | U6: lookup POP list | V6: lookup Ctgb list | W6: synergist | X6: Type of assessment (QN or QL) | Y6: triggers HH classif. | Z6: Active substance with CAR> 0.1% | AA6: Synergist | AB6: REACH SVHC (incl. PBT, vPvB), ED, CMR | AC6: OEL (mg/m3) | AD6: OEL reference: SCOEL or XX for country | AE6: Triggers ENV classification | AF6: Active substance with CAR> 0.1% (or if PNECSoC <PNECas also <0.1%) | AG6: Synergist | AH6: REACH SVHC (incl. PBT, vPvB) | AI6: 2 of 3 PBT criteria | AJ6: EQS water frame work directive | AK6: Type of assessment (QN or QL)
E7: H211-h101-EUH302 | G7: 87-69-4 | I7: H226-H404-EUH066 | M7: {=OR(P7:V7="true")} -> #N/A | N7: =IF(AND((COUNTIF(I7,"*H4*")),(COUNTIF($E$7,"*H4*"))),TRUE,FALSE) -> FALSE | O7: =VLOOKUP(G7,'ECHA biocidal AS'!C6:H1473,6,FALSE) -> #N/A | P7: =IF(AND(O7="false",(ISNUMBER(MATCH(G7,'ECHA biocidal AS'!C:C,0)))),"TRUE","False") -> #N/A | R7: =IF(ISNUMBER(MATCH(G7,'ECHA candidate SVHC'!D:D,0)),"TRUE","False") -> False | T7: =IF(ISNUMBER(MATCH(F7,'EQS WFD'!C:C,0)),"TRUE","False") -> False | U7: =IF(ISNUMBER(MATCH(G7,'ECHA POP'!D:D,0)),"TRUE","False") -> False | V7: =IF(ISNUMBER(MATCH(G7,'SoC_Ctgb 20181010'!C:C,0)),"TRUE","False") -> False
G8: 30507-70-1 | I8: n/a? (no SDS provided) | M8: {=OR(P8:V8="true")} -> TRUE | N8: =IF(AND((COUNTIF(I8,"*H4*")),(COUNTIF($E$7,"*H4*"))),TRUE,FALSE) -> FALSE | O8: =VLOOKUP(G8,'ECHA biocidal AS'!C7:H1474,6,FALSE) -> false | P8: =IF(AND(O8="false",(ISNUMBER(MATCH(G8,'ECHA biocidal AS'!C:C,0)))),"TRUE","False") -> TRUE | R8: =IF(ISNUMBER(MATCH(G8,'ECHA candidate SVHC'!D:D,0)),"TRUE","False") -> False | T8: =IF(ISNUMBER(MATCH(F8,'EQS WFD'!C:C,0)),"TRUE","False") -> False | U8: =IF(ISNUMBER(MATCH(G8,'ECHA POP'!D:D,0)),"TRUE","False") -> False | V8: =IF(ISNUMBER(MATCH(G8,'SoC_Ctgb 20181010'!C:C,0)),"TRUE","False") -> False
G9: 1166-46-7 | I9: H304-EUH066 | M9: {=OR(P9:V9="true")} -> #N/A | N9: =IF(AND((COUNTIF(I9,"*H4*")),(COUNTIF($E$7,"*H4*"))),TRUE,FALSE) -> FALSE | O9: =VLOOKUP(G9,'ECHA biocidal AS'!C8:H1475,6,FALSE) -> #N/A | P9: =IF(AND(O9="false",(ISNUMBER(MATCH(G9,'ECHA biocidal AS'!C:C,0)))),"TRUE","False") -> #N/A | R9: =IF(ISNUMBER(MATCH(G9,'ECHA candidate SVHC'!D:D,0)),"TRUE","False") -> False | T9: =IF(ISNUMBER(MATCH(F9,'EQS WFD'!C:C,0)),"TRUE","False") -> False | U9: =IF(ISNUMBER(MATCH(G9,'ECHA POP'!D:D,0)),"TRUE","False") -> False | V9: =IF(ISNUMBER(MATCH(G9,'SoC_Ctgb 20181010'!C:C,0)),"TRUE","False") -> False
G10: 64742-49-0 | I10: H304-EUH066 | M10: {=OR(P10:V10="true")} -> #N/A | N10: =IF(AND((COUNTIF(I10,"*H4*")),(COUNTIF($E$7,"*H4*"))),TRUE,FALSE) -> FALSE | O10: =VLOOKUP(G10,'ECHA biocidal AS'!C9:H1476,6,FALSE) -> #N/A | P10: =IF(AND(O10="false",(ISNUMBER(MATCH(G10,'ECHA biocidal AS'!C:C,0)))),"TRUE","False") -> #N/A | R10: =IF(ISNUMBER(MATCH(G10,'ECHA candidate SVHC'!D:D,0)),"TRUE","False") -> False | T10: =IF(ISNUMBER(MATCH(F10,'EQS WFD'!C:C,0)),"TRUE","False") -> False | U10: =IF(ISNUMBER(MATCH(G10,'ECHA POP'!D:D,0)),"TRUE","False") -> False | V10: =IF(ISNUMBER(MATCH(G10,'SoC_Ctgb 20181010'!C:C,0)),"TRUE","False") -> False
G11: 64742-49-0 | I11: h524-h485-h284 | M11: {=OR(P11:V11="true")} -> #N/A | N11: =IF(AND((COUNTIF(I11,"*H4*")),(COUNTIF($E$7,"*H4*"))),TRUE,FALSE) -> FALSE | O11: =VLOOKUP(G11,'ECHA biocidal AS'!C10:H1477,6,FALSE) -> #N/A | P11: =IF(AND(O11="false",(ISNUMBER(MATCH(G11,'ECHA biocidal AS'!C:C,0)))),"TRUE","False") -> #N/A | R11: =IF(ISNUMBER(MATCH(G11,'ECHA candidate SVHC'!D:D,0)),"TRUE","False") -> False | T11: =IF(ISNUMBER(MATCH(F11,'EQS WFD'!C:C,0)),"TRUE","False") -> False | U11: =IF(ISNUMBER(MATCH(G11,'ECHA POP'!D:D,0)),"TRUE","False") -> False | V11: =IF(ISNUMBER(MATCH(G11,'SoC_Ctgb 20181010'!C:C,0)),"TRUE","False") -> False
G12: 67-64-1 | I12: (no hazardus ingredient in SDS provided) | M12: {=OR(P12:V12="true")} -> #N/A | N12: =IF(AND((COUNTIF(I12,"*H4*")),(COUNTIF($E$7,"*H4*"))),TRUE,FALSE) -> FALSE | O12: =VLOOKUP(G12,'ECHA biocidal AS'!C11:H1478,6,FALSE) -> #N/A | P12: =IF(AND(O12="false",(ISNUMBER(MATCH(G12,'ECHA biocidal AS'!C:C,0)))),"TRUE","False") -> #N/A | R12: =IF(ISNUMBER(MATCH(G12,'ECHA candidate SVHC'!D:D,0)),"TRUE","False") -> False | T12: =IF(ISNUMBER(MATCH(F12,'EQS WFD'!C:C,0)),"TRUE","False") -> False | U12: =IF(ISNUMBER(MATCH(G12,'ECHA POP'!D:D,0)),"TRUE","False") -> False | V12: =IF(ISNUMBER(MATCH(G12,'SoC_Ctgb 20181010'!C:C,0)),"TRUE","False") -> False
G13: 29118-24-9 | I13: n/a? (no SDS provided) | M13: {=OR(P13:V13="true")} -> #N/A | N13: =IF(AND((COUNTIF(I13,"*H4*")),(COUNTIF($E$7,"*H4*"))),TRUE,FALSE) -> FALSE | O13: =VLOOKUP(G13,'ECHA biocidal AS'!C12:H1479,6,FALSE) -> #N/A | P13: =IF(AND(O13="false",(ISNUMBER(MATCH(G13,'ECHA biocidal AS'!C:C,0)))),"TRUE","False") -> #N/A | R13: =IF(ISNUMBER(MATCH(G13,'ECHA candidate SVHC'!D:D,0)),"TRUE","False") -> False | T13: =IF(ISNUMBER(MATCH(F13,'EQS WFD'!C:C,0)),"TRUE","False") -> False | U13: =IF(ISNUMBER(MATCH(G13,'ECHA POP'!D:D,0)),"TRUE","False") -> False | V13: =IF(ISNUMBER(MATCH(G13,'SoC_Ctgb 20181010'!C:C,0)),"TRUE","False") -> False
G14: 64742-49-0 | I14: n/a? (no SDS provided) | M14: {=OR(P14:V14="true")} -> #N/A | N14: =IF(AND((COUNTIF(I14,"*H4*")),(COUNTIF($E$7,"*H4*"))),TRUE,FALSE) -> FALSE | O14: =VLOOKUP(G14,'ECHA biocidal AS'!C13:H1480,6,FALSE) -> #N/A | P14: =IF(AND(O14="false",(ISNUMBER(MATCH(G14,'ECHA biocidal AS'!C:C,0)))),"TRUE","False") -> #N/A | R14: =IF(ISNUMBER(MATCH(G14,'ECHA candidate SVHC'!D:D,0)),"TRUE","False") -> False | T14: =IF(ISNUMBER(MATCH(F14,'EQS WFD'!C:C,0)),"TRUE","False") -> False | U14: =IF(ISNUMBER(MATCH(G14,'ECHA POP'!D:D,0)),"TRUE","False") -> False | V14: =IF(ISNUMBER(MATCH(G14,'SoC_Ctgb 20181010'!C:C,0)),"TRUE","False") -> False
G15: 64-17-5 | I15: H220 | M15: {=OR(P15:V15="true")} -> TRUE | N15: =IF(AND((COUNTIF(I15,"*H4*")),(COUNTIF($E$7,"*H4*"))),TRUE,FALSE) -> FALSE | O15: =VLOOKUP(G15,'ECHA biocidal AS'!C14:H1481,6,FALSE) -> false | P15: =IF(AND(O15="false",(ISNUMBER(MATCH(G15,'ECHA biocidal AS'!C:C,0)))),"TRUE","False") -> TRUE | R15: =IF(ISNUMBER(MATCH(G15,'ECHA candidate SVHC'!D:D,0)),"TRUE","False") -> False | T15: =IF(ISNUMBER(MATCH(F15,'EQS WFD'!C:C,0)),"TRUE","False") -> False | U15: =IF(ISNUMBER(MATCH(G15,'ECHA POP'!D:D,0)),"TRUE","False") -> False | V15: =IF(ISNUMBER(MATCH(G15,'SoC_Ctgb 20181010'!C:C,0)),"TRUE","False") -> False
I16: H220 mutagenic, carcinogenic | M16: {=OR(P16:V16="true")} -> #N/A | N16: =IF(AND((COUNTIF(I16,"*H4*")),(COUNTIF($E$7,"*H4*"))),TRUE,FALSE) -> FALSE | O16: =VLOOKUP(G16,'ECHA biocidal AS'!C15:H1482,6,FALSE) -> #N/A | P16: =IF(AND(O16="false",(ISNUMBER(MATCH(G16,'ECHA biocidal AS'!C:C,0)))),"TRUE","False") -> #N/A | R16: =IF(ISNUMBER(MATCH(G16,'ECHA candidate SVHC'!D:D,0)),"TRUE","False") -> False | T16: =IF(ISNUMBER(MATCH(F16,'EQS WFD'!C:C,0)),"TRUE","False") -> False | U16: =IF(ISNUMBER(MATCH(G16,'ECHA POP'!D:D,0)),"TRUE","False") -> False | V16: =IF(ISNUMBER(MATCH(G16,'SoC_Ctgb 20181010'!C:C,0)),"TRUE","False") -> False
I17: H220 mutagenic, carcinogenic | M17: {=OR(P17:V17="true")} -> #N/A | N17: =IF(AND((COUNTIF(I17,"*H4*")),(COUNTIF($E$7,"*H4*"))),TRUE,FALSE) -> FALSE | O17: =VLOOKUP(G17,'ECHA biocidal AS'!C16:H1483,6,FALSE) -> #N/A | P17: =IF(AND(O17="false",(ISNUMBER(MATCH(G17,'ECHA biocidal AS'!C:C,0)))),"TRUE","False") -> #N/A | R17: =IF(ISNUMBER(MATCH(G17,'ECHA candidate SVHC'!D:D,0)),"TRUE","False") -> False | T17: =IF(ISNUMBER(MATCH(F17,'EQS WFD'!C:C,0)),"TRUE","False") -> False | U17: =IF(ISNUMBER(MATCH(G17,'ECHA POP'!D:D,0)),"TRUE","False") -> False | V17: =IF(ISNUMBER(MATCH(G17,'SoC_Ctgb 20181010'!C:C,0)),"TRUE","False") -> False
I18: H225-H304-H315-H336-H411 | M18: {=OR(P18:V18="true")} -> #N/A | N18: =IF(AND((COUNTIF(I18,"*H4*")),(COUNTIF($E$7,"*H4*"))),TRUE,FALSE) -> FALSE | O18: =VLOOKUP(G18,'ECHA biocidal AS'!C17:H1484,6,FALSE) -> #N/A | P18: =IF(AND(O18="false",(ISNUMBER(MATCH(G18,'ECHA biocidal AS'!C:C,0)))),"TRUE","False") -> #N/A | R18: =IF(ISNUMBER(MATCH(G18,'ECHA candidate SVHC'!D:D,0)),"TRUE","False") -> False | T18: =IF(ISNUMBER(MATCH(F18,'EQS WFD'!C:C,0)),"TRUE","False") -> False | U18: =IF(ISNUMBER(MATCH(G18,'ECHA POP'!D:D,0)),"TRUE","False") -> False | V18: =IF(ISNUMBER(MATCH(G18,'SoC_Ctgb 20181010'!C:C,0)),"TRUE","False") -> False
M19: {=OR(P19:V19="true")} -> #N/A | N19: =IF(AND((COUNTIF(I19,"*H4*")),(COUNTIF($E$7,"*H4*"))),TRUE,FALSE) -> FALSE | O19: =VLOOKUP(G19,'ECHA biocidal AS'!C18:H1485,6,FALSE) -> #N/A | P19: =IF(AND(O19="false",(ISNUMBER(MATCH(G19,'ECHA biocidal AS'!C:C,0)))),"TRUE","False") -> #N/A | R19: =IF(ISNUMBER(MATCH(G19,'ECHA candidate SVHC'!D:D,0)),"TRUE","False") -> False | T19: =IF(ISNUMBER(MATCH(F19,'EQS WFD'!C:C,0)),"TRUE","False") -> False | U19: =IF(ISNUMBER(MATCH(G19,'ECHA POP'!D:D,0)),"TRUE","False") -> False | V19: =IF(ISNUMBER(MATCH(G19,'SoC_Ctgb 20181010'!C:C,0)),"TRUE","False") -> False
M20: {=OR(P20:V20="true")} -> #N/A | N20: =IF(AND((COUNTIF(I20,"*H4*")),(COUNTIF($E$7,"*H4*"))),TRUE,FALSE) -> FALSE | O20: =VLOOKUP(G20,'ECHA biocidal AS'!C19:H1486,6,FALSE) -> #N/A | P20: =IF(AND(O20="false",(ISNUMBER(MATCH(G20,'ECHA biocidal AS'!C:C,0)))),"TRUE","False") -> #N/A | R20: =IF(ISNUMBER(MATCH(G20,'ECHA candidate SVHC'!D:D,0)),"TRUE","False") -> False | T20: =IF(ISNUMBER(MATCH(F20,'EQS WFD'!C:C,0)),"TRUE","False") -> False | U20: =IF(ISNUMBER(MATCH(G20,'ECHA POP'!D:D,0)),"TRUE","False") -> False | V20: =IF(ISNUMBER(MATCH(G20,'SoC_Ctgb 20181010'!C:C,0)),"TRUE","False") -> False
M21: {=OR(P21:V21="true")} -> #N/A | N21: =IF(AND((COUNTIF(I21,"*H4*")),(COUNTIF($E$7,"*H4*"))),TRUE,FALSE) -> FALSE | O21: =VLOOKUP(G21,'ECHA biocidal AS'!C20:H1487,6,FALSE) -> #N/A | P21: =IF(AND(O21="false",(ISNUMBER(MATCH(G21,'ECHA biocidal AS'!C:C,0)))),"TRUE","False") -> #N/A | R21: =IF(ISNUMBER(MATCH(G21,'ECHA candidate SVHC'!D:D,0)),"TRUE","False") -> False | T21: =IF(ISNUMBER(MATCH(F21,'EQS WFD'!C:C,0)),"TRUE","False") -> False | U21: =IF(ISNUMBER(MATCH(G21,'ECHA POP'!D:D,0)),"TRUE","False") -> False | V21: =IF(ISNUMBER(MATCH(G21,'SoC_Ctgb 20181010'!C:C,0)),"TRUE","False") -> False
M22: {=OR(P22:V22="true")} -> #N/A | N22: =IF(AND((COUNTIF(I22,"*H4*")),(COUNTIF($E$7,"*H4*"))),TRUE,FALSE) -> FALSE | O22: =VLOOKUP(G22,'ECHA biocidal AS'!C21:H1488,6,FALSE) -> #N/A | P22: =IF(AND(O22="false",(ISNUMBER(MATCH(G22,'ECHA biocidal AS'!C:C,0)))),"TRUE","False") -> #N/A | R22: =IF(ISNUMBER(MATCH(G22,'ECHA candidate SVHC'!D:D,0)),"TRUE","False") -> False | T22: =IF(ISNUMBER(MATCH(F22,'EQS WFD'!C:C,0)),"TRUE","False") -> False | U22: =IF(ISNUMBER(MATCH(G22,'ECHA POP'!D:D,0)),"TRUE","False") -> False | V22: =IF(ISNUMBER(MATCH(G22,'SoC_Ctgb 20181010'!C:C,0)),"TRUE","False") -> False
M23: {=OR(P23:V23="true")} -> #N/A | N23: =IF(AND((COUNTIF(I23,"*H4*")),(COUNTIF($E$7,"*H4*"))),TRUE,FALSE) -> FALSE | O23: =VLOOKUP(G23,'ECHA biocidal AS'!C22:H1489,6,FALSE) -> #N/A | P23: =IF(AND(O23="false",(ISNUMBER(MATCH(G23,'ECHA biocidal AS'!C:C,0)))),"TRUE","False") -> #N/A | R23: =IF(ISNUMBER(MATCH(G23,'ECHA candidate SVHC'!D:D,0)),"TRUE","False") -> False | T23: =IF(ISNUMBER(MATCH(F23,'EQS WFD'!C:C,0)),"TRUE","False") -> False | U23: =IF(ISNUMBER(MATCH(G23,'ECHA POP'!D:D,0)),"TRUE","False") -> False | V23: =IF(ISNUMBER(MATCH(G23,'SoC_Ctgb 20181010'!C:C,0)),"TRUE","False") -> False
B24: BP1 | C24: P&G | D24: Febreze | F24: Bardac™ 2270 E | G24: 68424-95-3 | H24: 215-185-5 | J24: - | K24: Pure: | L24: 0.47 | M24: {=OR(P24:V24="true")} -> TRUE | N24: =IF(AND((COUNTIF(I24,"*H4*")),(COUNTIF($E$7,"*H4*"))),TRUE,FALSE) -> FALSE | O24: =VLOOKUP(G24,'ECHA biocidal AS'!C23:H1490,6,FALSE) -> false | P24: =IF(AND(O24="false",(ISNUMBER(MATCH(G24,'ECHA biocidal AS'!C:C,0)))),"TRUE","False") -> TRUE | R24: =IF(ISNUMBER(MATCH(G24,'ECHA candidate SVHC'!D:D,0)),"TRUE","False") -> False | T24: =IF(ISNUMBER(MATCH(F24,'EQS WFD'!C:C,0)),"TRUE","False") -> False | U24: =IF(ISNUMBER(MATCH(G24,'ECHA POP'!D:D,0)),"TRUE","False") -> False | V24: =IF(ISNUMBER(MATCH(G24,'SoC_Ctgb 20181010'!C:C,0)),"TRUE","False") -> False
G25: 107-21-1 | H25: 200-675-3 | K25: 0.0033 | M25: {=OR(P25:V25="true")} -> #N/A | N25: =IF(AND((COUNTIF(I25,"*H4*")),(COUNTIF($E$7,"*H4*"))),TRUE,FALSE) -> FALSE | O25: =VLOOKUP(G25,'ECHA biocidal AS'!C24:H1491,6,FALSE) -> #N/A | P25: =IF(AND(O25="false",(ISNUMBER(MATCH(G25,'ECHA biocidal AS'!C:C,0)))),"TRUE","False") -> #N/A | R25: =IF(ISNUMBER(MATCH(G25,'ECHA candidate SVHC'!D:D,0)),"TRUE","False") -> False | T25: =IF(ISNUMBER(MATCH(F25,'EQS WFD'!C:C,0)),"TRUE","False") -> False | U25: =IF(ISNUMBER(MATCH(G25,'ECHA POP'!D:D,0)),"TRUE","False") -> False | V25: =IF(ISNUMBER(MATCH(G25,'SoC_Ctgb 20181010'!C:C,0)),"TRUE","False") -> False
F26: Neutral 96%v Ethanol - Euro Denaturant | G26: 64-17-5 | H26: 205-623-3 | K26: TC content: | L26: 1.04 | M26: {=OR(P26:V26="true")} -> TRUE | N26: =IF(AND((COUNTIF(I26,"*H4*")),(COUNTIF($E$7,"*H4*"))),TRUE,FALSE) -> FALSE | O26: =VLOOKUP(G26,'ECHA biocidal AS'!C25:H1492,6,FALSE) -> false | P26: =IF(AND(O26="false",(ISNUMBER(MATCH(G26,'ECHA biocidal AS'!C:C,0)))),"TRUE","False") -> TRUE | R26: =IF(ISNUMBER(MATCH(G26,'ECHA candidate SVHC'!D:D,0)),"TRUE","False") -> False | T26: =IF(ISNUMBER(MATCH(F26,'EQS WFD'!C:C,0)),"TRUE","False") -> False | U26: =IF(ISNUMBER(MATCH(G26,'ECHA POP'!D:D,0)),"TRUE","False") -> False | V26: =IF(ISNUMBER(MATCH(G26,'SoC_Ctgb 20181010'!C:C,0)),"TRUE","False") -> False
F27: Silwet L-7600 | G27: 68938-54-5 | K27: =K25/0.908 -> 0.0036343612 | L27: 0.1 | M27: {=OR(P27:V27="true")} -> #N/A | N27: =IF(AND((COUNTIF(I27,"*H4*")),(COUNTIF($E$7,"*H4*"))),TRUE,FALSE) -> FALSE | O27: =VLOOKUP(G27,'ECHA biocidal AS'!C26:H1493,6,FALSE) -> #N/A | P27: =IF(AND(O27="false",(ISNUMBER(MATCH(G27,'ECHA biocidal AS'!C:C,0)))),"TRUE","False") -> #N/A | R27: =IF(ISNUMBER(MATCH(G27,'ECHA candidate SVHC'!D:D,0)),"TRUE","False") -> False | T27: =IF(ISNUMBER(MATCH(F27,'EQS WFD'!C:C,0)),"TRUE","False") -> False | U27: =IF(ISNUMBER(MATCH(G27,'ECHA POP'!D:D,0)),"TRUE","False") -> False | V27: =IF(ISNUMBER(MATCH(G27,'SoC_Ctgb 20181010'!C:C,0)),"TRUE","False") -> False
F28: Maleic Acid Solution- 30% | G28: 110-16-7 | H28: 203-473-3 | K28: =0.2*L24 -> 0.094 | L28: 0.2 | M28: {=OR(P28:V28="true")} -> #N/A | N28: =IF(AND((COUNTIF(I28,"*H4*")),(COUNTIF($E$7,"*H4*"))),TRUE,FALSE) -> FALSE | O28: =VLOOKUP(G28,'ECHA biocidal AS'!C27:H1494,6,FALSE) -> #N/A | P28: =IF(AND(O28="false",(ISNUMBER(MATCH(G28,'ECHA biocidal AS'!C:C,0)))),"TRUE","False") -> #N/A | R28: =IF(ISNUMBER(MATCH(G28,'ECHA candidate SVHC'!D:D,0)),"TRUE","False") -> False | T28: =IF(ISNUMBER(MATCH(F28,'EQS WFD'!C:C,0)),"TRUE","False") -> False | U28: =IF(ISNUMBER(MATCH(G28,'ECHA POP'!D:D,0)),"TRUE","False") -> False | V28: =IF(ISNUMBER(MATCH(G28,'SoC_Ctgb 20181010'!C:C,0)),"TRUE","False") -> False
F29: ACID CITRIC IN HOUSE | G29: 77-92-9 | H29: 206-738-1 | L29: 0.03 | M29: {=OR(P29:V29="true")} -> TRUE | N29: =IF(AND((COUNTIF(I29,"*H4*")),(COUNTIF($E$7,"*H4*"))),TRUE,FALSE) -> FALSE | O29: =VLOOKUP(G29,'ECHA biocidal AS'!C28:H1495,6,FALSE) -> false | P29: =IF(AND(O29="false",(ISNUMBER(MATCH(G29,'ECHA biocidal AS'!C:C,0)))),"TRUE","False") -> TRUE | R29: =IF(ISNUMBER(MATCH(G29,'ECHA candidate SVHC'!D:D,0)),"TRUE","False") -> False | T29: =IF(ISNUMBER(MATCH(F29,'EQS WFD'!C:C,0)),"TRUE","False") -> False | U29: =IF(ISNUMBER(MATCH(G29,'ECHA POP'!D:D,0)),"TRUE","False") -> False | V29: =IF(ISNUMBER(MATCH(G29,'SoC_Ctgb 20181010'!C:C,0)),"TRUE","False") -> False
F30: Emulan® ELH 60 (90% Active Solution of PEG60 Hydrogenated Caster Oil) | G30: 61788-85-0 | L30: 2.2 | M30: {=OR(P30:V30="true")} -> #N/A | N30: =IF(AND((COUNTIF(I30,"*H4*")),(COUNTIF($E$7,"*H4*"))),TRUE,FALSE) -> FALSE | O30: =VLOOKUP(G30,'ECHA biocidal AS'!C29:H1496,6,FALSE) -> #N/A | P30: =IF(AND(O30="false",(ISNUMBER(MATCH(G30,'ECHA biocidal AS'!C:C,0)))),"TRUE","False") -> #N/A | R30: =IF(ISNUMBER(MATCH(G30,'ECHA candidate SVHC'!D:D,0)),"TRUE","False") -> False | T30: =IF(ISNUMBER(MATCH(F30,'EQS WFD'!C:C,0)),"TRUE","False") -> False | U30: =IF(ISNUMBER(MATCH(G30,'ECHA POP'!D:D,0)),"TRUE","False") -> False | V30: =IF(ISNUMBER(MATCH(G30,'SoC_Ctgb 20181010'!C:C,0)),"TRUE","False") -> False
F31: DOWANOL™ EPh6 Glycol Ether | G31: 9004-78-8 | L31: 2 | M31: {=OR(P31:V31="true")} -> #N/A | N31: =IF(AND((COUNTIF(I31,"*H4*")),(COUNTIF($E$7,"*H4*"))),TRUE,FALSE) -> FALSE | O31: =VLOOKUP(G31,'ECHA biocidal AS'!C30:H1497,6,FALSE) -> #N/A | P31: =IF(AND(O31="false",(ISNUMBER(MATCH(G31,'ECHA biocidal AS'!C:C,0)))),"TRUE","False") -> #N/A | R31: =IF(ISNUMBER(MATCH(G31,'ECHA candidate SVHC'!D:D,0)),"TRUE","False") -> False | T31: =IF(ISNUMBER(MATCH(F31,'EQS WFD'!C:C,0)),"TRUE","False") -> False | U31: =IF(ISNUMBER(MATCH(G31,'ECHA POP'!D:D,0)),"TRUE","False") -> False | V31: =IF(ISNUMBER(MATCH(G31,'SoC_Ctgb 20181010'!C:C,0)),"TRUE","False") -> False
F32: CAUSTIC SODA LIQUOR | G32: 1310-73-2 | H32: 500-147-5 | L32: 0.9 | M32: {=OR(P32:V32="true")} -> #N/A | N32: =IF(AND((COUNTIF(I32,"*H4*")),(COUNTIF($E$7,"*H4*"))),TRUE,FALSE) -> FALSE | O32: =VLOOKUP(G32,'ECHA biocidal AS'!C31:H1498,6,FALSE) -> #N/A | P32: =IF(AND(O32="false",(ISNUMBER(MATCH(G32,'ECHA biocidal AS'!C:C,0)))),"TRUE","False") -> #N/A | R32: =IF(ISNUMBER(MATCH(G32,'ECHA candidate SVHC'!D:D,0)),"TRUE","False") -> False | T32: =IF(ISNUMBER(MATCH(F32,'EQS WFD'!C:C,0)),"TRUE","False") -> False | U32: =IF(ISNUMBER(MATCH(G32,'ECHA POP'!D:D,0)),"TRUE","False") -> False | V32: =IF(ISNUMBER(MATCH(G32,'SoC_Ctgb 20181010'!C:C,0)),"TRUE","False") -> False
F33: CAVASOL W7 HP TL | G33: 128446-35-5 | L33: 0.625 | M33: {=OR(P33:V33="true")} -> #N/A | N33: =IF(AND((COUNTIF(I33,"*H4*")),(COUNTIF($E$7,"*H4*"))),TRUE,FALSE) -> FALSE | O33: =VLOOKUP(G33,'ECHA biocidal AS'!C32:H1499,6,FALSE) -> #N/A | P33: =IF(AND(O33="false",(ISNUMBER(MATCH(G33,'ECHA biocidal AS'!C:C,0)))),"TRUE","False") -> #N/A | R33: =IF(ISNUMBER(MATCH(G33,'ECHA candidate SVHC'!D:D,0)),"TRUE","False") -> False | T33: =IF(ISNUMBER(MATCH(F33,'EQS WFD'!C:C,0)),"TRUE","False") -> False | U33: =IF(ISNUMBER(MATCH(G33,'ECHA POP'!D:D,0)),"TRUE","False") -> False | V33: =IF(ISNUMBER(MATCH(G33,'SoC_Ctgb 20181010'!C:C,0)),"TRUE","False") -> False
B34: BP2 | F34: Halosolve-D 463478 | G34: mixture | J34: - | L34: 0.021 | M34: {=OR(P34:V34="true")} -> #N/A | N34: =IF(AND((COUNTIF(I34,"*H4*")),(COUNTIF($E$7,"*H4*"))),TRUE,FALSE) -> FALSE | O34: =VLOOKUP(G34,'ECHA biocidal AS'!C33:H1500,6,FALSE) -> #N/A | P34: =IF(AND(O34="false",(ISNUMBER(MATCH(G34,'ECHA biocidal AS'!C:C,0)))),"TRUE","False") -> #N/A | R34: =IF(ISNUMBER(MATCH(G34,'ECHA candidate SVHC'!D:D,0)),"TRUE","False") -> False | T34: =IF(ISNUMBER(MATCH(F34,'EQS WFD'!C:C,0)),"TRUE","False") -> False | U34: =IF(ISNUMBER(MATCH(G34,'ECHA POP'!D:D,0)),"TRUE","False") -> False | V34: =IF(ISNUMBER(MATCH(G34,'SoC_Ctgb 20181010'!C:C,0)),"TRUE","False") -> False
F35: perfume group | G35: mixture | H35: 420-920-1 | L35: 0.45 | M35: {=OR(P35:V35="true")} -> #N/A | N35: =IF(AND((COUNTIF(I35,"*H4*")),(COUNTIF($E$7,"*H4*"))),TRUE,FALSE) -> FALSE | O35: =VLOOKUP(G35,'ECHA biocidal AS'!C34:H1501,6,FALSE) -> #N/A | P35: =IF(AND(O35="false",(ISNUMBER(MATCH(G35,'ECHA biocidal AS'!C:C,0)))),"TRUE","False") -> #N/A | R35: =IF(ISNUMBER(MATCH(G35,'ECHA candidate SVHC'!D:D,0)),"TRUE","False") -> False | T35: =IF(ISNUMBER(MATCH(F35,'EQS WFD'!C:C,0)),"TRUE","False") -> False | U35: =IF(ISNUMBER(MATCH(G35,'ECHA POP'!D:D,0)),"TRUE","False") -> False | V35: =IF(ISNUMBER(MATCH(G35,'SoC_Ctgb 20181010'!C:C,0)),"TRUE","False") -> False
F36: water | G36: 7732-18-5 | H36: 231-791-2 | L36: =100-SUM(L24:L35) -> 91.964 | M36: {=OR(P36:V36="true")} -> #N/A | N36: =IF(AND((COUNTIF(I36,"*H4*")),(COUNTIF($E$7,"*H4*"))),TRUE,FALSE) -> FALSE | O36: =VLOOKUP(G36,'ECHA biocidal AS'!C35:H1502,6,FALSE) -> #N/A | P36: =IF(AND(O36="false",(ISNUMBER(MATCH(G36,'ECHA biocidal AS'!C:C,0)))),"TRUE","False") -> #N/A | R36: =IF(ISNUMBER(MATCH(G36,'ECHA candidate SVHC'!D:D,0)),"TRUE","False") -> False | T36: =IF(ISNUMBER(MATCH(F36,'EQS WFD'!C:C,0)),"TRUE","False") -> False | U36: =IF(ISNUMBER(MATCH(G36,'ECHA POP'!D:D,0)),"TRUE","False") -> False | V36: =IF(ISNUMBER(MATCH(G36,'SoC_Ctgb 20181010'!C:C,0)),"TRUE","False") -> False
V37: =IF(ISNUMBER(MATCH(G37,'SoC_Ctgb 20181010'!C:C,0)),"TRUE","False") -> False
V38: =IF(ISNUMBER(MATCH(G38,'SoC_Ctgb 20181010'!C:C,0)),"TRUE","False") -> False
V39: =IF(ISNUMBER(MATCH(G39,'SoC_Ctgb 20181010'!C:C,0)),"TRUE","False") -> False
F46: substance classified as dangerous and leading to classification of the product to be regarded as dangerous
F47: substance meeting requirements as POP, vPvB or PBT
F48: Active substance from other product type for which a draft final CAR is available and present at a concentration > 0.1%. The limit does not apply to PBT or vPvB substances and Eds or when PNEC substance < PNEC AS
F49: synergists
F50: substances established in candidate list
F51: substances meeting 2 criteria for being PBT
F52: substances for which EQS has been derived | H52: https://eur-lex.europa.eu/legal-content/EN/TXT/HTML/?uri=CELEX:02008L0105-20130913&from=EN#tocId23
F53: pbt assessment | G53: pbtprofiler.net / vega

Sheet COMPOSITION
D2: insert date | E2: 45901
D3: insert meta/BPF name
D4: insert meta/BPF classification
D5: select PT: | E5: PT02-Disinfectants and algaecides not intended for direct application to humans or animals | M5: outcome screening | N5: HH cat. 1 | P5: HH cat. 2 | S5: HH cat. 3 | T5: HH cat. 4 | V5: HH cat. 5 | X5: outcome screening | Y5: A SoC is a co-formulant in a biocidal product which meets at least one of the conditions specified in Article 3(f): * a substance classified as dangerous according to Directive 67/548/EEC * a substance classified as hazardous according to Regulation (EC) No 1272/2008, and that is present in the biocidal product at a concentration leading the product to be regarded as hazardous within the meaning of that Regulation, | AA5: A SoC is a co-formulant in a biocidal product which meets at least one of the conditions specified in Article 3(f): accumulative and toxic (PBT) or very persistent and very bio-accumulative (vPvB) in accordance with Annex XIII to Regulation (EC) No 1907/2006; | AD5: Active substances (AS) from other product types (PTs) contained in the product for which a (draft) final Competent Authority Report (CAR, with an agreed risk assessment) is available. | AG5: Substances which meet two of the criteria for being PBT in accordance with Annex XIII to Regulation (EC) No 1907/2006, as amended. | AH5: Substances for which an Environmental Quality Standard (EQS) has been derived under Directive 2000/60/EC (Water Framework Directive; according to paragraph 67, Annex VI, BPR). | AI5: Substances that enhance the effect of the active substance in the product, e.g. synergists. For synergists, information/data shall be provided related to the interaction between the active substance and the synergist, not only for the synergist itself. For such substances, an appropriate evaluation of the risks posed by the active substance in the presence of the synergist rather than an evaluation of the risks posed by the synergist itself should be undertaken. A generic concentration cut-off value for the presence of a synergist in a product, applicable to all synergists cannot be specified. On a case-by-case basis, a synergist should be considered a SoC, if it is present at a concentration that enhances the toxicity of the active substance, as indicated by the available data. Furthermore, the hazard profile, potency and exposure potential of the substance enhancing the effects of the active substance should be taken into account. Further details on the identification of synergists can be found in section 10.2.3. Also diluents, (lipophilic) organic solvents and surfactants like e.g. naptha may influenc e the toxicity of a mixture by enhancing the bioavailability of the active substance(s) and should therefore be regarded carefully. In principle, all co-formulants need to be checked for a potential influence on the toxicity of the other product components.
M6: HUMAN HEALTH | N6: band A or B | P6: band C | S6: band C | T6: band D | V6: band C | X6: ENVIRONMENT
D7: insert below the composition split into components AND the CASnr + concentration of each substance | N7: QuaLitative | P7: QuaNtitative | S7: QuaNitative | T7: QuaNtitative | V7: QuaNtitative
B8: No | D8: RM SDS | E8: Ingredient name | F8: CAS | G8: EC | H8: Vapor pressure (>0.01 Pa Consexpo) | I8: WC concentration in mixture | J8: M-factor | K8: classification | L8: Concentration (%) | M8: ID as possible SoC | N8: HH classif | O8: triggers HH class (to check manually) | P8: Annex 1 AS | Q8: existing AS and not Annex 1 | R8: approved AS or with draft final CAR | S8: Synergist (to check manually) | T8: REACH SVHC - PBT, vPvB / ED / CMR | U8: Reason for inclusion | V8: OEL (mg/m3) (to check manually) | W8: Reference: SCOEL document number | X8: ID as possible SoC | Y8: ingredient & mixture have ENV class | Z8: triggers ENV class (based on mixture rules) | AA8: lookup POP in POP list | AB8: lookup vPvB, PBT in SVHC list | AC8: return PBT or vPvB in PBT list | AD8: Annex 1 AS | AE8: existing AS and not Annex 1 | AF8: approved AS or with draft final CAR | AG8: lookup B and T criteria | AH8: lookup EQS list WFD | AI8: Synergist to check manually | AJ8: Ctgb sheet (to IGNORE)
B9: BP1 | F9: 50-00-0 | L9: 3 | M9: =IF(COUNTIF(N9:W9,TRUE)>0,TRUE,"Not Found") -> TRUE | N9: =IF(AND((COUNTIF($E$4,"*H3*")),(COUNTIF(K9,"*H3*"))),TRUE,FALSE) -> FALSE | P9: =AD9 -> FALSE | Q9: =AE9 -> TRUE | R9: =AF9 -> TRUE | T9: =AC9 -> FALSE | U9: =AC9 -> FALSE | W9: {=IF(ISBLANK(F9),"FALSE",IFERROR((VLOOKUP(TRIM(F9),TRIM(SCOEL!$B$12:$E$400),3,"FALSE")),"FALSE"))} -> REC 125 | X9: =IF(COUNTIF(Z9:AI9,TRUE)>0,TRUE,"Not Found") -> TRUE | Y9: =IF(AND((COUNTIF($E$4,"*H4*")),(COUNTIF(K9,"*H4*"))),TRUE,FALSE) -> FALSE | Z9: =IF(COUNTIF(K9,"*H410*"),IF(J9*L9>25,"Cat. 1","not classified"),IF(COUNTIF(K9,"*H411*"),IF(L9>=25,"Cat. 2","not classified"),"geen H411")) -> geen H411 | AA9: =IF(ISNUMBER(MATCH(F9,'ECHA POP'!D:D,0)),TRUE,FALSE) -> FALSE | AB9: =IF(ISNUMBER(MATCH(F9,'ECHA candidate SVHC'!D:D,0)),TRUE,FALSE) -> FALSE | AC9: =IF(ISNUMBER(MATCH(F9,'ECHA PBT'!D:D,0)),TRUE,FALSE) -> FALSE | AD9: {=IF(ISNUMBER(MATCH(F9, _xlfn._xlws.FILTER('ECHA biocidal AS'!C:C, 'ECHA biocidal AS'!H:H="true"), 0)), "yes", FALSE)} -> FALSE | AE9: =IF(AND(AD9=FALSE,(ISNUMBER(MATCH(F9,'ECHA biocidal AS'!C:C,0)))),TRUE,FALSE) -> TRUE | AF9: {=IF(ISNUMBER(MATCH(F9, _xlfn._xlws.FILTER('ECHA biocidal AS'!C:C, 'ECHA biocidal AS'!M:M="Approved"), 0)), TRUE, FALSE)} -> TRUE | AH9: =IF(ISNUMBER(MATCH(F9,'EQS WFD'!D:D,0)),TRUE,FALSE) -> FALSE | AJ9: {=IF(AND(AE9=FALSE,ISNUMBER(MATCH(G9, _xlfn._xlws.FILTER('ECHA biocidal AS'!D:D, 'ECHA biocidal AS'!N:N="Approved"), 0))), TRUE, FALSE)} -> FALSE
F10: 64-17-5 | L10: 6 | M10: =IF(COUNTIF(N10:W10,TRUE)>0,TRUE,"Not Found") -> TRUE | N10: =IF(AND((COUNTIF($E$4,"*H3*")),(COUNTIF(K10,"*H3*"))),TRUE,FALSE) -> FALSE | P10: =AD10 -> FALSE | Q10: =AE10 -> TRUE | R10: =AF10 -> FALSE | T10: =AC10 -> FALSE | U10: =AD10 -> FALSE | W10: {=IF(ISBLANK(F10),"FALSE",IFERROR((VLOOKUP(TRIM(F10),TRIM(SCOEL!$B$12:$E$400),3,"FALSE")),"FALSE"))} -> FALSE | X10: =IF(COUNTIF(Z10:AI10,TRUE)>0,TRUE,"Not Found") -> TRUE | Y10: =IF(AND((COUNTIF($E$4,"*H4*")),(COUNTIF(K10,"*H4*"))),TRUE,FALSE) -> FALSE | Z10: =IF(COUNTIF(K10,"*H410*"),IF(J10*L10>25,"Cat. 1","not classified"),IF(COUNTIF(K10,"*H411*"),IF(L10>=25,"Cat. 2","not classified"),"geen H411")) -> geen H411 | AA10: =IF(ISNUMBER(MATCH(F10,'ECHA POP'!D:D,0)),TRUE,FALSE) -> FALSE | AB10: =IF(ISNUMBER(MATCH(F10,'ECHA candidate SVHC'!D:D,0)),TRUE,FALSE) -> FALSE | AC10: =IF(ISNUMBER(MATCH(F10,'ECHA PBT'!D:D,0)),TRUE,FALSE) -> FALSE | AD10: {=IF(ISNUMBER(MATCH(F10, _xlfn._xlws.FILTER('ECHA biocidal AS'!C:C, 'ECHA biocidal AS'!H:H="true"), 0)), "yes", FALSE)} -> FALSE | AE10: =IF(AND(AD10=FALSE,(ISNUMBER(MATCH(F10,'ECHA biocidal AS'!C:C,0)))),TRUE,FALSE) -> TRUE | AF10: {=IF(ISNUMBER(MATCH(F10, _xlfn._xlws.FILTER('ECHA biocidal AS'!C:C, 'ECHA biocidal AS'!M:M="Approved"), 0)), TRUE, FALSE)} -> FALSE | AH10: =IF(ISNUMBER(MATCH(F10,'EQS WFD'!D:D,0)),TRUE,FALSE) -> FALSE | AJ10: =IF(ISNUMBER(MATCH(F10,'SoC_Ctgb 20181010'!C:C,0)),TRUE,FALSE) -> FALSE
F11: 7664-93-9 | L11: 80 | M11: =IF(COUNTIF(N11:W11,TRUE)>0,TRUE,"Not Found") -> Not Found | N11: =IF(AND((COUNTIF($E$4,"*H3*")),(COUNTIF(K11,"*H3*"))),TRUE,FALSE) -> FALSE | P11: =AD11 -> FALSE | Q11: =AE11 -> FALSE | R11: =AF11 -> FALSE | T11: =AC11 -> FALSE | U11: =AD11 -> FALSE | W11: {=IF(ISBLANK(F11),"FALSE",IFERROR((VLOOKUP(TRIM(F11),TRIM(SCOEL!$B$12:$E$400),3,"FALSE")),"FALSE"))} -> 105 | X11: =IF(COUNTIF(Z11:AI11,TRUE)>0,TRUE,"Not Found") -> Not Found | Y11: =IF(AND((COUNTIF($E$4,"*H4*")),(COUNTIF(K11,"*H4*"))),TRUE,FALSE) -> FALSE | Z11: =IF(COUNTIF(K11,"*H410*"),IF(J11*L11>25,"Cat. 1","not classified"),IF(COUNTIF(K11,"*H411*"),IF(L11>=25,"Cat. 2","not classified"),"geen H411")) -> geen H411 | AA11: =IF(ISNUMBER(MATCH(F11,'ECHA POP'!D:D,0)),TRUE,FALSE) -> FALSE | AB11: =IF(ISNUMBER(MATCH(F11,'ECHA candidate SVHC'!D:D,0)),TRUE,FALSE) -> FALSE | AC11: =IF(ISNUMBER(MATCH(F11,'ECHA PBT'!D:D,0)),TRUE,FALSE) -> FALSE | AD11: {=IF(ISNUMBER(MATCH(F11, _xlfn._xlws.FILTER('ECHA biocidal AS'!C:C, 'ECHA biocidal AS'!H:H="true"), 0)), "yes", FALSE)} -> FALSE | AE11: =IF(AND(AD11=FALSE,(ISNUMBER(MATCH(F11,'ECHA biocidal AS'!C:C,0)))),TRUE,FALSE) -> FALSE | AF11: {=IF(ISNUMBER(MATCH(F11, _xlfn._xlws.FILTER('ECHA biocidal AS'!C:C, 'ECHA biocidal AS'!M:M="Approved"), 0)), TRUE, FALSE)} -> FALSE | AH11: =IF(ISNUMBER(MATCH(F11,'EQS WFD'!D:D,0)),TRUE,FALSE) -> FALSE | AJ11: =IF(ISNUMBER(MATCH(F11,'SoC_Ctgb 20181010'!C:C,0)),TRUE,FALSE) -> FALSE
F12: 107-13-1 | L12: 5 | M12: =IF(COUNTIF(N12:W12,TRUE)>0,TRUE,"Not Found") -> Not Found | N12: =IF(AND((COUNTIF($E$4,"*H3*")),(COUNTIF(K12,"*H3*"))),TRUE,FALSE) -> FALSE | P12: =AD12 -> FALSE | Q12: =AE12 -> FALSE | R12: =AF12 -> FALSE | T12: =AC12 -> FALSE | U12: =AD12 -> FALSE | W12: {=IF(ISBLANK(F12),"FALSE",IFERROR((VLOOKUP(TRIM(F12),TRIM(SCOEL!$B$12:$E$400),3,"FALSE")),"FALSE"))} -> 104 | X12: =IF(COUNTIF(Z12:AI12,TRUE)>0,TRUE,"Not Found") -> Not Found | Y12: =IF(AND((COUNTIF($E$4,"*H4*")),(COUNTIF(K12,"*H4*"))),TRUE,FALSE) -> FALSE | Z12: =IF(COUNTIF(K12,"*H410*"),IF(J12*L12>25,"Cat. 1","not classified"),IF(COUNTIF(K12,"*H411*"),IF(L12>=25,"Cat. 2","not classified"),"geen H411")) -> geen H411 | AA12: =IF(ISNUMBER(MATCH(F12,'ECHA POP'!D:D,0)),TRUE,FALSE) -> FALSE | AB12: =IF(ISNUMBER(MATCH(F12,'ECHA candidate SVHC'!D:D,0)),TRUE,FALSE) -> FALSE | AC12: =IF(ISNUMBER(MATCH(F12,'ECHA PBT'!D:D,0)),TRUE,FALSE) -> FALSE | AD12: {=IF(ISNUMBER(MATCH(F12, _xlfn._xlws.FILTER('ECHA biocidal AS'!C:C, 'ECHA biocidal AS'!H:H="true"), 0)), "yes", FALSE)} -> FALSE | AE12: =IF(AND(AD12=FALSE,(ISNUMBER(MATCH(F12,'ECHA biocidal AS'!C:C,0)))),TRUE,FALSE) -> FALSE | AF12: {=IF(ISNUMBER(MATCH(F12, _xlfn._xlws.FILTER('ECHA biocidal AS'!C:C, 'ECHA biocidal AS'!M:M="Approved"), 0)), TRUE, FALSE)} -> FALSE | AH12: =IF(ISNUMBER(MATCH(F12,'EQS WFD'!D:D,0)),TRUE,FALSE) -> FALSE | AJ12: =IF(ISNUMBER(MATCH(F12,'SoC_Ctgb 20181010'!C:C,0)),TRUE,FALSE) -> FALSE
M13: =IF(COUNTIF(N13:W13,TRUE)>0,TRUE,"Not Found") -> Not Found | N13: =IF(AND((COUNTIF($E$4,"*H3*")),(COUNTIF(K13,"*H3*"))),TRUE,FALSE) -> FALSE | P13: =AD13 -> FALSE | Q13: =AE13 -> FALSE | R13: =AF13 -> FALSE | T13: =AC13 -> FALSE | U13: =AD13 -> FALSE | W13: {=IF(ISBLANK(F13),"FALSE",IFERROR((VLOOKUP(TRIM(F13),TRIM(SCOEL!$B$12:$E$400),3,"FALSE")),"FALSE"))} -> FALSE | X13: =IF(COUNTIF(Z13:AI13,TRUE)>0,TRUE,"Not Found") -> Not Found | Y13: =IF(AND((COUNTIF($E$4,"*H4*")),(COUNTIF(K13,"*H4*"))),TRUE,FALSE) -> FALSE | Z13: =IF(COUNTIF(K13,"*H410*"),IF(J13*L13>25,"Cat. 1","not classified"),IF(COUNTIF(K13,"*H411*"),IF(L13>=25,"Cat. 2","not classified"),"geen H411")) -> geen H411 | AA13: =IF(ISNUMBER(MATCH(F13,'ECHA POP'!D:D,0)),TRUE,FALSE) -> FALSE | AB13: =IF(ISNUMBER(MATCH(F13,'ECHA candidate SVHC'!D:D,0)),TRUE,FALSE) -> FALSE | AC13: =IF(ISNUMBER(MATCH(F13,'ECHA PBT'!D:D,0)),TRUE,FALSE) -> FALSE | AD13: {=IF(ISNUMBER(MATCH(F13, _xlfn._xlws.FILTER('ECHA biocidal AS'!C:C, 'ECHA biocidal AS'!H:H="true"), 0)), "yes", FALSE)} -> FALSE | AE13: =IF(AND(AD13=FALSE,(ISNUMBER(MATCH(F13,'ECHA biocidal AS'!C:C,0)))),TRUE,FALSE) -> FALSE | AF13: {=IF(ISNUMBER(MATCH(F13, _xlfn._xlws.FILTER('ECHA biocidal AS'!C:C, 'ECHA biocidal AS'!M:M="Approved"), 0)), TRUE, FALSE)} -> FALSE | AH13: =IF(ISNUMBER(MATCH(F13,'EQS WFD'!D:D,0)),TRUE,FALSE) -> FALSE | AJ13: =IF(ISNUMBER(MATCH(F13,'SoC_Ctgb 20181010'!C:C,0)),TRUE,FALSE) -> FALSE
M14: =IF(COUNTIF(N14:W14,TRUE)>0,TRUE,"Not Found") -> Not Found | N14: =IF(AND((COUNTIF($E$4,"*H3*")),(COUNTIF(K14,"*H3*"))),TRUE,FALSE) -> FALSE | P14: =AD14 -> FALSE | Q14: =AE14 -> FALSE | R14: =AF14 -> FALSE | T14: =AC14 -> FALSE | U14: =AD14 -> FALSE | W14: {=IF(ISBLANK(F14),"FALSE",IFERROR((VLOOKUP(TRIM(F14),TRIM(SCOEL!$B$12:$E$400),3,"FALSE")),"FALSE"))} -> FALSE | X14: =IF(COUNTIF(Z14:AI14,TRUE)>0,TRUE,"Not Found") -> Not Found | Y14: =IF(AND((COUNTIF($E$4,"*H4*")),(COUNTIF(K14,"*H4*"))),TRUE,FALSE) -> FALSE | Z14: =IF(COUNTIF(K14,"*H410*"),IF(J14*L14>25,"Cat. 1",IF(J14*L14*10>25,"Cat. 2","not classified")),IF(COUNTIF(K14,"*H411*"),IF(L14>=25,"Cat. 2","not classified"),"geen H411")) -> geen H411 | AA14: =IF(ISNUMBER(MATCH(F14,'ECHA POP'!D:D,0)),TRUE,FALSE) -> FALSE | AB14: =IF(ISNUMBER(MATCH(F14,'ECHA candidate SVHC'!D:D,0)),TRUE,FALSE) -> FALSE | AC14: =IF(ISNUMBER(MATCH(F14,'ECHA PBT'!D:D,0)),TRUE,FALSE) -> FALSE | AD14: {=IF(ISNUMBER(MATCH(F14, _xlfn._xlws.FILTER('ECHA biocidal AS'!C:C, 'ECHA biocidal AS'!H:H="true"), 0)), "yes", FALSE)} -> FALSE | AE14: =IF(AND(AD14=FALSE,(ISNUMBER(MATCH(F14,'ECHA biocidal AS'!C:C,0)))),TRUE,FALSE) -> FALSE | AF14: {=IF(ISNUMBER(MATCH(F14, _xlfn._xlws.FILTER('ECHA biocidal AS'!C:C, 'ECHA biocidal AS'!M:M="Approved"), 0)), TRUE, FALSE)} -> FALSE | AH14: =IF(ISNUMBER(MATCH(F14,'EQS WFD'!D:D,0)),TRUE,FALSE) -> FALSE | AJ14: =IF(ISNUMBER(MATCH(F14,'SoC_Ctgb 20181010'!C:C,0)),TRUE,FALSE) -> FALSE
M15: =IF(COUNTIF(N15:W15,TRUE)>0,TRUE,"Not Found") -> Not Found | N15: =IF(AND((COUNTIF($E$4,"*H3*")),(COUNTIF(K15,"*H3*"))),TRUE,FALSE) -> FALSE | P15: =AD15 -> FALSE | Q15: =AE15 -> FALSE | R15: =AF15 -> FALSE | T15: =AC15 -> FALSE | U15: =AD15 -> FALSE | W15: {=IF(ISBLANK(F15),"FALSE",IFERROR((VLOOKUP(TRIM(F15),TRIM(SCOEL!$B$12:$E$400),3,"FALSE")),"FALSE"))} -> FALSE | X15: =IF(COUNTIF(Z15:AI15,TRUE)>0,TRUE,"Not Found") -> Not Found | Y15: =IF(AND((COUNTIF($E$4,"*H4*")),(COUNTIF(K15,"*H4*"))),TRUE,FALSE) -> FALSE | Z15: =IF(COUNTIF(K15,"*H410*"),IF(J15*L15>25,"Cat. 1","not classified"),IF(COUNTIF(K15,"*H411*"),IF(L15>=25,"Cat. 2","not classified"),"geen H411")) -> geen H411 | AA15: =IF(ISNUMBER(MATCH(F15,'ECHA POP'!D:D,0)),TRUE,FALSE) -> FALSE | AB15: =IF(ISNUMBER(MATCH(F15,'ECHA candidate SVHC'!D:D,0)),TRUE,FALSE) -> FALSE | AC15: =IF(ISNUMBER(MATCH(F15,'ECHA PBT'!D:D,0)),TRUE,FALSE) -> FALSE | AD15: {=IF(ISNUMBER(MATCH(F15, _xlfn._xlws.FILTER('ECHA biocidal AS'!C:C, 'ECHA biocidal AS'!H:H="true"), 0)), "yes", FALSE)} -> FALSE | AE15: =IF(AND(AD15=FALSE,(ISNUMBER(MATCH(F15,'ECHA biocidal AS'!C:C,0)))),TRUE,FALSE) -> FALSE | AF15: {=IF(ISNUMBER(MATCH(F15, _xlfn._xlws.FILTER('ECHA biocidal AS'!C:C, 'ECHA biocidal AS'!M:M="Approved"), 0)), TRUE, FALSE)} -> FALSE | AH15: =IF(ISNUMBER(MATCH(F15,'EQS WFD'!D:D,0)),TRUE,FALSE) -> FALSE | AJ15: =IF(ISNUMBER(MATCH(F15,'SoC_Ctgb 20181010'!C:C,0)),TRUE,FALSE) -> FALSE
M16: =IF(COUNTIF(N16:W16,TRUE)>0,TRUE,"Not Found") -> Not Found | N16: =IF(AND((COUNTIF($E$4,"*H3*")),(COUNTIF(K16,"*H3*"))),TRUE,FALSE) -> FALSE | P16: =AD16 -> FALSE | Q16: =AE16 -> FALSE | R16: =AF16 -> FALSE | T16: =AC16 -> FALSE | U16: =AD16 -> FALSE | W16: {=IF(ISBLANK(F16),"FALSE",IFERROR((VLOOKUP(TRIM(F16),TRIM(SCOEL!$B$12:$E$400),3,"FALSE")),"FALSE"))} -> FALSE | X16: =IF(COUNTIF(Z16:AI16,TRUE)>0,TRUE,"Not Found") -> Not Found | Y16: =IF(AND((COUNTIF($E$4,"*H4*")),(COUNTIF(K16,"*H4*"))),TRUE,FALSE) -> FALSE | Z16: =IF(COUNTIF(K16,"*H410*"),IF(J16*L16>25,"Cat. 1","not classified"),IF(COUNTIF(K16,"*H411*"),IF(L16>=25,"Cat. 2","not classified"),IF(COUNTIF(K15,"*H412*"),IF(L15>=25,"Cat. 3","not classified")))) -> FALSE | AA16: =IF(ISNUMBER(MATCH(F16,'ECHA POP'!D:D,0)),TRUE,FALSE) -> FALSE | AB16: =IF(ISNUMBER(MATCH(F16,'ECHA candidate SVHC'!D:D,0)),TRUE,FALSE) -> FALSE | AC16: =IF(ISNUMBER(MATCH(F16,'ECHA PBT'!D:D,0)),TRUE,FALSE) -> FALSE | AD16: {=IF(ISNUMBER(MATCH(F16, _xlfn._xlws.FILTER('ECHA biocidal AS'!C:C, 'ECHA biocidal AS'!H:H="true"), 0)), "yes", FALSE)} -> FALSE | AE16: =IF(AND(AD16=FALSE,(ISNUMBER(MATCH(F16,'ECHA biocidal AS'!C:C,0)))),TRUE,FALSE) -> FALSE | AF16: {=IF(ISNUMBER(MATCH(F16, _xlfn._xlws.FILTER('ECHA biocidal AS'!C:C, 'ECHA biocidal AS'!M:M="Approved"), 0)), TRUE, FALSE)} -> FALSE | AH16: =IF(ISNUMBER(MATCH(F16,'EQS WFD'!D:D,0)),TRUE,FALSE) -> FALSE | AJ16: =IF(ISNUMBER(MATCH(F16,'SoC_Ctgb 20181010'!C:C,0)),TRUE,FALSE) -> FALSE
M17: =IF(COUNTIF(N17:W17,TRUE)>0,TRUE,"Not Found") -> Not Found | N17: =IF(AND((COUNTIF($E$4,"*H3*")),(COUNTIF(K17,"*H3*"))),TRUE,FALSE) -> FALSE | P17: =AD17 -> FALSE | Q17: =AE17 -> FALSE | R17: =AF17 -> FALSE | T17: =AC17 -> FALSE | U17: =AD17 -> FALSE | W17: {=IF(ISBLANK(F17),"FALSE",IFERROR((VLOOKUP(TRIM(F17),TRIM(SCOEL!$B$12:$E$400),3,"FALSE")),"FALSE"))} -> FALSE | X17: =IF(COUNTIF(Z17:AI17,TRUE)>0,TRUE,"Not Found") -> Not Found | Y17: =IF(AND((COUNTIF($E$4,"*H4*")),(COUNTIF(K17,"*H4*"))),TRUE,FALSE) -> FALSE | Z17: =IF(COUNTIF(K17,"*H410*"),IF(J17*L17>25,"Cat. 1","not classified"),IF(COUNTIF(K17,"*H411*"),IF(L17>=25,"Cat. 2","not classified"),"geen H411")) -> geen H411 | AA17: =IF(ISNUMBER(MATCH(F17,'ECHA POP'!D:D,0)),TRUE,FALSE) -> FALSE | AB17: =IF(ISNUMBER(MATCH(F17,'ECHA candidate SVHC'!D:D,0)),TRUE,FALSE) -> FALSE | AC17: =IF(ISNUMBER(MATCH(F17,'ECHA PBT'!D:D,0)),TRUE,FALSE) -> FALSE | AD17: {=IF(ISNUMBER(MATCH(F17, _xlfn._xlws.FILTER('ECHA biocidal AS'!C:C, 'ECHA biocidal AS'!H:H="true"), 0)), "yes", FALSE)} -> FALSE | AE17: =IF(AND(AD17=FALSE,(ISNUMBER(MATCH(F17,'ECHA biocidal AS'!C:C,0)))),TRUE,FALSE) -> FALSE | AF17: {=IF(ISNUMBER(MATCH(F17, _xlfn._xlws.FILTER('ECHA biocidal AS'!C:C, 'ECHA biocidal AS'!M:M="Approved"), 0)), TRUE, FALSE)} -> FALSE | AH17: =IF(ISNUMBER(MATCH(F17,'EQS WFD'!D:D,0)),TRUE,FALSE) -> FALSE | AJ17: =IF(ISNUMBER(MATCH(F17,'SoC_Ctgb 20181010'!C:C,0)),TRUE,FALSE) -> FALSE
M18: =IF(COUNTIF(N18:W18,TRUE)>0,TRUE,"Not Found") -> Not Found | N18: =IF(AND((COUNTIF($E$4,"*H3*")),(COUNTIF(K18,"*H3*"))),TRUE,FALSE) -> FALSE | P18: =AD18 -> FALSE | Q18: =AE18 -> FALSE | R18: =AF18 -> FALSE | T18: =AC18 -> FALSE | U18: =AD18 -> FALSE | W18: {=IF(ISBLANK(F18),"FALSE",IFERROR((VLOOKUP(TRIM(F18),TRIM(SCOEL!$B$12:$E$400),3,"FALSE")),"FALSE"))} -> FALSE | X18: =IF(COUNTIF(Z18:AI18,TRUE)>0,TRUE,"Not Found") -> Not Found | Y18: =IF(AND((COUNTIF($E$4,"*H4*")),(COUNTIF(K18,"*H4*"))),TRUE,FALSE) -> FALSE | Z18: =IF(COUNTIF(K18,"*H410*"),IF(J18*L18>25,"Cat. 1","not classified"),IF(COUNTIF(K18,"*H411*"),IF(L18>=25,"Cat. 2","not classified"),"geen H411")) -> geen H411 | AA18: =IF(ISNUMBER(MATCH(F18,'ECHA POP'!D:D,0)),TRUE,FALSE) -> FALSE | AB18: =IF(ISNUMBER(MATCH(F18,'ECHA candidate SVHC'!D:D,0)),TRUE,FALSE) -> FALSE | AC18: =IF(ISNUMBER(MATCH(F18,'ECHA PBT'!D:D,0)),TRUE,FALSE) -> FALSE | AD18: {=IF(ISNUMBER(MATCH(F18, _xlfn._xlws.FILTER('ECHA biocidal AS'!C:C, 'ECHA biocidal AS'!H:H="true"), 0)), "yes", FALSE)} -> FALSE | AE18: =IF(AND(AD18=FALSE,(ISNUMBER(MATCH(F18,'ECHA biocidal AS'!C:C,0)))),TRUE,FALSE) -> FALSE | AF18: {=IF(ISNUMBER(MATCH(F18, _xlfn._xlws.FILTER('ECHA biocidal AS'!C:C, 'ECHA biocidal AS'!M:M="Approved"), 0)), TRUE, FALSE)} -> FALSE | AH18: =IF(ISNUMBER(MATCH(F18,'EQS WFD'!D:D,0)),TRUE,FALSE) -> FALSE | AJ18: =IF(ISNUMBER(MATCH(F18,'SoC_Ctgb 20181010'!C:C,0)),TRUE,FALSE) -> FALSE
M19: =IF(COUNTIF(N19:W19,TRUE)>0,TRUE,"Not Found") -> Not Found | N19: =IF(AND((COUNTIF($E$4,"*H3*")),(COUNTIF(K19,"*H3*"))),TRUE,FALSE) -> FALSE | P19: =AD19 -> FALSE | Q19: =AE19 -> FALSE | R19: =AF19 -> FALSE | T19: =AC19 -> FALSE | U19: =AD19 -> FALSE | W19: {=IF(ISBLANK(F19),"FALSE",IFERROR((VLOOKUP(TRIM(F19),TRIM(SCOEL!$B$12:$E$400),3,"FALSE")),"FALSE"))} -> FALSE | X19: =IF(COUNTIF(Z19:AI19,TRUE)>0,TRUE,"Not Found") -> Not Found | Y19: =IF(AND((COUNTIF($E$4,"*H4*")),(COUNTIF(K19,"*H4*"))),TRUE,FALSE) -> FALSE | Z19: =IF(COUNTIF(K19,"*H410*"),IF(J19*L19>25,"Cat. 1","not classified"),IF(COUNTIF(K19,"*H411*"),IF(L19>=25,"Cat. 2","not classified"),"geen H411")) -> geen H411 | AA19: =IF(ISNUMBER(MATCH(F19,'ECHA POP'!D:D,0)),TRUE,FALSE) -> FALSE | AB19: =IF(ISNUMBER(MATCH(F19,'ECHA candidate SVHC'!D:D,0)),TRUE,FALSE) -> FALSE | AC19: =IF(ISNUMBER(MATCH(F19,'ECHA PBT'!D:D,0)),TRUE,FALSE) -> FALSE | AD19: {=IF(ISNUMBER(MATCH(F19, _xlfn._xlws.FILTER('ECHA biocidal AS'!C:C, 'ECHA biocidal AS'!H:H="true"), 0)), "yes", FALSE)} -> FALSE | AE19: =IF(AND(AD19=FALSE,(ISNUMBER(MATCH(F19,'ECHA biocidal AS'!C:C,0)))),TRUE,FALSE) -> FALSE | AF19: {=IF(ISNUMBER(MATCH(F19, _xlfn._xlws.FILTER('ECHA biocidal AS'!C:C, 'ECHA biocidal AS'!M:M="Approved"), 0)), TRUE, FALSE)} -> FALSE | AH19: =IF(ISNUMBER(MATCH(F19,'EQS WFD'!D:D,0)),TRUE,FALSE) -> FALSE | AJ19: =IF(ISNUMBER(MATCH(F19,'SoC_Ctgb 20181010'!C:C,0)),TRUE,FALSE) -> FALSE
B20: BP2 | M20: =IF(COUNTIF(N20:W20,TRUE)>0,TRUE,"Not Found") -> Not Found | N20: =IF(AND((COUNTIF($E$4,"*H3*")),(COUNTIF(K20,"*H3*"))),TRUE,FALSE) -> FALSE | P20: =AD20 -> FALSE | Q20: =AE20 -> FALSE | R20: =AF20 -> FALSE | T20: =AC20 -> FALSE | U20: =AD20 -> FALSE | W20: {=IF(ISBLANK(F20),"FALSE",IFERROR((VLOOKUP(TRIM(F20),TRIM(SCOEL!$B$12:$E$400),3,"FALSE")),"FALSE"))} -> FALSE | X20: =IF(COUNTIF(Z20:AI20,TRUE)>0,TRUE,"Not Found") -> Not Found | Y20: =IF(AND((COUNTIF($E$4,"*H4*")),(COUNTIF(K20,"*H4*"))),TRUE,FALSE) -> FALSE | Z20: =IF(COUNTIF(K20,"*H410*"),IF(J20*L20>25,"Cat. 1","not classified"),IF(COUNTIF(K20,"*H411*"),IF(L20>=25,"Cat. 2","not classified"),"geen H411")) -> geen H411 | AA20: =IF(ISNUMBER(MATCH(F20,'ECHA POP'!D:D,0)),TRUE,FALSE) -> FALSE | AB20: =IF(ISNUMBER(MATCH(F20,'ECHA candidate SVHC'!D:D,0)),TRUE,FALSE) -> FALSE | AC20: =IF(ISNUMBER(MATCH(F20,'ECHA PBT'!D:D,0)),TRUE,FALSE) -> FALSE | AD20: {=IF(ISNUMBER(MATCH(F20, _xlfn._xlws.FILTER('ECHA biocidal AS'!C:C, 'ECHA biocidal AS'!H:H="true"), 0)), "yes", FALSE)} -> FALSE | AE20: =IF(AND(AD20=FALSE,(ISNUMBER(MATCH(F20,'ECHA biocidal AS'!C:C,0)))),TRUE,FALSE) -> FALSE | AF20: {=IF(ISNUMBER(MATCH(F20, _xlfn._xlws.FILTER('ECHA biocidal AS'!C:C, 'ECHA biocidal AS'!M:M="Approved"), 0)), TRUE, FALSE)} -> FALSE | AH20: =IF(ISNUMBER(MATCH(F20,'EQS WFD'!D:D,0)),TRUE,FALSE) -> FALSE | AJ20: =IF(ISNUMBER(MATCH(F20,'SoC_Ctgb 20181010'!C:C,0)),TRUE,FALSE) -> FALSE
M21: =IF(COUNTIF(N21:W21,TRUE)>0,TRUE,"Not Found") -> Not Found | N21: =IF(AND((COUNTIF($E$4,"*H3*")),(COUNTIF(K21,"*H3*"))),TRUE,FALSE) -> FALSE | P21: =AD21 -> FALSE | Q21: =AE21 -> FALSE | R21: =AF21 -> FALSE | T21: =AC21 -> FALSE | U21: =AD21 -> FALSE | W21: {=IF(ISBLANK(F21),"FALSE",IFERROR((VLOOKUP(TRIM(F21),TRIM(SCOEL!$B$12:$E$400),3,"FALSE")),"FALSE"))} -> FALSE | X21: =IF(COUNTIF(Z21:AI21,TRUE)>0,TRUE,"Not Found") -> Not Found | Y21: =IF(AND((COUNTIF($E$4,"*H4*")),(COUNTIF(K21,"*H4*"))),TRUE,FALSE) -> FALSE | Z21: =IF(COUNTIF(K21,"*H410*"),IF(J21*L21>25,"Cat. 1","not classified"),IF(COUNTIF(K21,"*H411*"),IF(L21>=25,"Cat. 2","not classified"),"geen H411")) -> geen H411 | AA21: =IF(ISNUMBER(MATCH(F21,'ECHA POP'!D:D,0)),TRUE,FALSE) -> FALSE | AB21: =IF(ISNUMBER(MATCH(F21,'ECHA candidate SVHC'!D:D,0)),TRUE,FALSE) -> FALSE | AC21: =IF(ISNUMBER(MATCH(F21,'ECHA PBT'!D:D,0)),TRUE,FALSE) -> FALSE | AD21: {=IF(ISNUMBER(MATCH(F21, _xlfn._xlws.FILTER('ECHA biocidal AS'!C:C, 'ECHA biocidal AS'!H:H="true"), 0)), "yes", FALSE)} -> FALSE | AE21: =IF(AND(AD21=FALSE,(ISNUMBER(MATCH(F21,'ECHA biocidal AS'!C:C,0)))),TRUE,FALSE) -> FALSE | AF21: {=IF(ISNUMBER(MATCH(F21, _xlfn._xlws.FILTER('ECHA biocidal AS'!C:C, 'ECHA biocidal AS'!M:M="Approved"), 0)), TRUE, FALSE)} -> FALSE | AH21: =IF(ISNUMBER(MATCH(F21,'EQS WFD'!D:D,0)),TRUE,FALSE) -> FALSE | AJ21: =IF(ISNUMBER(MATCH(F21,'SoC_Ctgb 20181010'!C:C,0)),TRUE,FALSE) -> FALSE
M22: =IF(COUNTIF(N22:W22,TRUE)>0,TRUE,"Not Found") -> Not Found | N22: =IF(AND((COUNTIF($E$4,"*H3*")),(COUNTIF(K22,"*H3*"))),TRUE,FALSE) -> FALSE | P22: =AD22 -> FALSE | Q22: =AE22 -> FALSE | R22: =AF22 -> FALSE | T22: =AC22 -> FALSE | U22: =AD22 -> FALSE | W22: {=IF(ISBLANK(F22),"FALSE",IFERROR((VLOOKUP(TRIM(F22),TRIM(SCOEL!$B$12:$E$400),3,"FALSE")),"FALSE"))} -> FALSE | X22: =IF(COUNTIF(Z22:AI22,TRUE)>0,TRUE,"Not Found") -> Not Found | Y22: =IF(AND((COUNTIF($E$4,"*H4*")),(COUNTIF(K22,"*H4*"))),TRUE,FALSE) -> FALSE | Z22: =IF(COUNTIF(K22,"*H410*"),IF(J22*L22>25,"Cat. 1","not classified"),IF(COUNTIF(K22,"*H411*"),IF(L22>=25,"Cat. 2","not classified"),"geen H411")) -> geen H411 | AA22: =IF(ISNUMBER(MATCH(F22,'ECHA POP'!D:D,0)),TRUE,FALSE) -> FALSE | AB22: =IF(ISNUMBER(MATCH(F22,'ECHA candidate SVHC'!D:D,0)),TRUE,FALSE) -> FALSE | AC22: =IF(ISNUMBER(MATCH(F22,'ECHA PBT'!D:D,0)),TRUE,FALSE) -> FALSE | AD22: {=IF(ISNUMBER(MATCH(F22, _xlfn._xlws.FILTER('ECHA biocidal AS'!C:C, 'ECHA biocidal AS'!H:H="true"), 0)), "yes", FALSE)} -> FALSE | AE22: =IF(AND(AD22=FALSE,(ISNUMBER(MATCH(F22,'ECHA biocidal AS'!C:C,0)))),TRUE,FALSE) -> FALSE | AF22: {=IF(ISNUMBER(MATCH(F22, _xlfn._xlws.FILTER('ECHA biocidal AS'!C:C, 'ECHA biocidal AS'!M:M="Approved"), 0)), TRUE, FALSE)} -> FALSE | AH22: =IF(ISNUMBER(MATCH(F22,'EQS WFD'!D:D,0)),TRUE,FALSE) -> FALSE | AJ22: =IF(ISNUMBER(MATCH(F22,'SoC_Ctgb 20181010'!C:C,0)),TRUE,FALSE) -> FALSE
M23: =IF(COUNTIF(N23:W23,TRUE)>0,TRUE,"Not Found") -> Not Found | N23: =IF(AND((COUNTIF($E$4,"*H3*")),(COUNTIF(K23,"*H3*"))),TRUE,FALSE) -> FALSE | P23: =AD23 -> FALSE | Q23: =AE23 -> FALSE | R23: =AF23 -> FALSE | T23: =AC23 -> FALSE | U23: =AD23 -> FALSE | W23: {=IF(ISBLANK(F23),"FALSE",IFERROR((VLOOKUP(TRIM(F23),TRIM(SCOEL!$B$12:$E$400),3,"FALSE")),"FALSE"))} -> FALSE | X23: =IF(COUNTIF(Z23:AI23,TRUE)>0,TRUE,"Not Found") -> Not Found | Y23: =IF(AND((COUNTIF($E$4,"*H4*")),(COUNTIF(K23,"*H4*"))),TRUE,FALSE) -> FALSE | Z23: =IF(COUNTIF(K23,"*H410*"),IF(J23*L23>25,"Cat. 1","not classified"),IF(COUNTIF(K23,"*H411*"),IF(L23>=25,"Cat. 2","not classified"),"geen H411")) -> geen H411 | AA23: =IF(ISNUMBER(MATCH(F23,'ECHA POP'!D:D,0)),TRUE,FALSE) -> FALSE | AB23: =IF(ISNUMBER(MATCH(F23,'ECHA candidate SVHC'!D:D,0)),TRUE,FALSE) -> FALSE | AC23: =IF(ISNUMBER(MATCH(F23,'ECHA PBT'!D:D,0)),TRUE,FALSE) -> FALSE | AD23: {=IF(ISNUMBER(MATCH(F23, _xlfn._xlws.FILTER('ECHA biocidal AS'!C:C, 'ECHA biocidal AS'!H:H="true"), 0)), "yes", FALSE)} -> FALSE | AE23: =IF(AND(AD23=FALSE,(ISNUMBER(MATCH(F23,'ECHA biocidal AS'!C:C,0)))),TRUE,FALSE) -> FALSE | AF23: {=IF(ISNUMBER(MATCH(F23, _xlfn._xlws.FILTER('ECHA biocidal AS'!C:C, 'ECHA biocidal AS'!M:M="Approved"), 0)), TRUE, FALSE)} -> FALSE | AH23: =IF(ISNUMBER(MATCH(F23,'EQS WFD'!D:D,0)),TRUE,FALSE) -> FALSE | AJ23: =IF(ISNUMBER(MATCH(F23,'SoC_Ctgb 20181010'!C:C,0)),TRUE,FALSE) -> FALSE
M24: =IF(COUNTIF(N24:W24,TRUE)>0,TRUE,"Not Found") -> Not Found | N24: =IF(AND((COUNTIF($E$4,"*H3*")),(COUNTIF(K24,"*H3*"))),TRUE,FALSE) -> FALSE | P24: =AD24 -> FALSE | Q24: =AE24 -> FALSE | R24: =AF24 -> FALSE | T24: =AC24 -> FALSE | U24: =AD24 -> FALSE | W24: {=IF(ISBLANK(F24),"FALSE",IFERROR((VLOOKUP(TRIM(F24),TRIM(SCOEL!$B$12:$E$400),3,"FALSE")),"FALSE"))} -> FALSE | X24: =IF(COUNTIF(Z24:AI24,TRUE)>0,TRUE,"Not Found") -> Not Found | Y24: =IF(AND((COUNTIF($E$4,"*H4*")),(COUNTIF(K24,"*H4*"))),TRUE,FALSE) -> FALSE | Z24: =IF(COUNTIF(K24,"*H410*"),IF(J24*L24>25,"Cat. 1","not classified"),IF(COUNTIF(K24,"*H411*"),IF(L24>=25,"Cat. 2","not classified"),"geen H411")) -> geen H411 | AA24: =IF(ISNUMBER(MATCH(F24,'ECHA POP'!D:D,0)),TRUE,FALSE) -> FALSE | AB24: =IF(ISNUMBER(MATCH(F24,'ECHA candidate SVHC'!D:D,0)),TRUE,FALSE) -> FALSE | AC24: =IF(ISNUMBER(MATCH(F24,'ECHA PBT'!D:D,0)),TRUE,FALSE) -> FALSE | AD24: {=IF(ISNUMBER(MATCH(F24, _xlfn._xlws.FILTER('ECHA biocidal AS'!C:C, 'ECHA biocidal AS'!H:H="true"), 0)), "yes", FALSE)} -> FALSE | AE24: =IF(AND(AD24=FALSE,(ISNUMBER(MATCH(F24,'ECHA biocidal AS'!C:C,0)))),TRUE,FALSE) -> FALSE | AF24: {=IF(ISNUMBER(MATCH(F24, _xlfn._xlws.FILTER('ECHA biocidal AS'!C:C, 'ECHA biocidal AS'!M:M="Approved"), 0)), TRUE, FALSE)} -> FALSE | AH24: =IF(ISNUMBER(MATCH(F24,'EQS WFD'!D:D,0)),TRUE,FALSE) -> FALSE
M25: =IF(COUNTIF(N25:W25,TRUE)>0,TRUE,"Not Found") -> Not Found | N25: =IF(AND((COUNTIF($E$4,"*H3*")),(COUNTIF(K25,"*H3*"))),TRUE,FALSE) -> FALSE | P25: =AD25 -> FALSE | Q25: =AE25 -> FALSE | R25: =AF25 -> FALSE | T25: =AC25 -> FALSE | U25: =AD25 -> FALSE | W25: {=IF(ISBLANK(F25),"FALSE",IFERROR((VLOOKUP(TRIM(F25),TRIM(SCOEL!$B$12:$E$400),3,"FALSE")),"FALSE"))} -> FALSE | X25: =IF(COUNTIF(Z25:AI25,TRUE)>0,TRUE,"Not Found") -> Not Found | Y25: =IF(AND((COUNTIF($E$4,"*H4*")),(COUNTIF(K25,"*H4*"))),TRUE,FALSE) -> FALSE | Z25: =IF(COUNTIF(K25,"*H410*"),IF(J25*L25>25,"Cat. 1","not classified"),IF(COUNTIF(K25,"*H411*"),IF(L25>=25,"Cat. 2","not classified"),"geen H411")) -> geen H411 | AA25: =IF(ISNUMBER(MATCH(F25,'ECHA POP'!D:D,0)),TRUE,FALSE) -> FALSE | AB25: =IF(ISNUMBER(MATCH(F25,'ECHA candidate SVHC'!D:D,0)),TRUE,FALSE) -> FALSE | AC25: =IF(ISNUMBER(MATCH(F25,'ECHA PBT'!D:D,0)),TRUE,FALSE) -> FALSE | AD25: {=IF(ISNUMBER(MATCH(F25, _xlfn._xlws.FILTER('ECHA biocidal AS'!C:C, 'ECHA biocidal AS'!H:H="true"), 0)), "yes", FALSE)} -> FALSE | AE25: =IF(AND(AD25=FALSE,(ISNUMBER(MATCH(F25,'ECHA biocidal AS'!C:C,0)))),TRUE,FALSE) -> FALSE | AF25: {=IF(ISNUMBER(MATCH(F25, _xlfn._xlws.FILTER('ECHA biocidal AS'!C:C, 'ECHA biocidal AS'!M:M="Approved"), 0)), TRUE, FALSE)} -> FALSE | AH25: =IF(ISNUMBER(MATCH(F25,'EQS WFD'!D:D,0)),TRUE,FALSE) -> FALSE | AJ25: =IF(ISNUMBER(MATCH(F25,'SoC_Ctgb 20181010'!C:C,0)),TRUE,FALSE) -> FALSE
M26: =IF(COUNTIF(N26:W26,TRUE)>0,TRUE,"Not Found") -> Not Found | N26: =IF(AND((COUNTIF($E$4,"*H3*")),(COUNTIF(K26,"*H3*"))),TRUE,FALSE) -> FALSE | P26: =AD26 -> FALSE | Q26: =AE26 -> FALSE | R26: =AF26 -> FALSE | T26: =AC26 -> FALSE | U26: =AD26 -> FALSE | W26: {=IF(ISBLANK(F26),"FALSE",IFERROR((VLOOKUP(TRIM(F26),TRIM(SCOEL!$B$12:$E$400),3,"FALSE")),"FALSE"))} -> FALSE | X26: =IF(COUNTIF(Z26:AI26,TRUE)>0,TRUE,"Not Found") -> Not Found | Y26: =IF(AND((COUNTIF($E$4,"*H4*")),(COUNTIF(K26,"*H4*"))),TRUE,FALSE) -> FALSE | Z26: =IF(COUNTIF(K26,"*H410*"),IF(J26*L26>25,"Cat. 1","not classified"),IF(COUNTIF(K26,"*H411*"),IF(L26>=25,"Cat. 2","not classified"),"geen H411")) -> geen H411 | AA26: =IF(ISNUMBER(MATCH(F26,'ECHA POP'!D:D,0)),TRUE,FALSE) -> FALSE | AB26: =IF(ISNUMBER(MATCH(F26,'ECHA candidate SVHC'!D:D,0)),TRUE,FALSE) -> FALSE | AC26: =IF(ISNUMBER(MATCH(F26,'ECHA PBT'!D:D,0)),TRUE,FALSE) -> FALSE | AD26: {=IF(ISNUMBER(MATCH(F26, _xlfn._xlws.FILTER('ECHA biocidal AS'!C:C, 'ECHA biocidal AS'!H:H="true"), 0)), "yes", FALSE)} -> FALSE | AE26: =IF(AND(AD26=FALSE,(ISNUMBER(MATCH(F26,'ECHA biocidal AS'!C:C,0)))),TRUE,FALSE) -> FALSE | AF26: {=IF(ISNUMBER(MATCH(F26, _xlfn._xlws.FILTER('ECHA biocidal AS'!C:C, 'ECHA biocidal AS'!M:M="Approved"), 0)), TRUE, FALSE)} -> FALSE | AH26: =IF(ISNUMBER(MATCH(F26,'EQS WFD'!D:D,0)),TRUE,FALSE) -> FALSE | AJ26: =IF(ISNUMBER(MATCH(F26,'SoC_Ctgb 20181010'!C:C,0)),TRUE,FALSE) -> FALSE
M27: =IF(COUNTIF(N27:W27,TRUE)>0,TRUE,"Not Found") -> Not Found | N27: =IF(AND((COUNTIF($E$4,"*H3*")),(COUNTIF(K27,"*H3*"))),TRUE,FALSE) -> FALSE | P27: =AD27 -> FALSE | Q27: =AE27 -> FALSE | R27: =AF27 -> FALSE | T27: =AC27 -> FALSE | U27: =AD27 -> FALSE | W27: {=IF(ISBLANK(F27),"FALSE",IFERROR((VLOOKUP(TRIM(F27),TRIM(SCOEL!$B$12:$E$400),3,"FALSE")),"FALSE"))} -> FALSE | X27: =IF(COUNTIF(Z27:AI27,TRUE)>0,TRUE,"Not Found") -> Not Found | Y27: =IF(AND((COUNTIF($E$4,"*H4*")),(COUNTIF(K27,"*H4*"))),TRUE,FALSE) -> FALSE | Z27: =IF(COUNTIF(K27,"*H410*"),IF(J27*L27>25,"Cat. 1","not classified"),IF(COUNTIF(K27,"*H411*"),IF(L27>=25,"Cat. 2","not classified"),"geen H411")) -> geen H411 | AA27: =IF(ISNUMBER(MATCH(F27,'ECHA POP'!D:D,0)),TRUE,FALSE) -> FALSE | AB27: =IF(ISNUMBER(MATCH(F27,'ECHA candidate SVHC'!D:D,0)),TRUE,FALSE) -> FALSE | AC27: =IF(ISNUMBER(MATCH(F27,'ECHA PBT'!D:D,0)),TRUE,FALSE) -> FALSE | AD27: {=IF(ISNUMBER(MATCH(F27, _xlfn._xlws.FILTER('ECHA biocidal AS'!C:C, 'ECHA biocidal AS'!H:H="true"), 0)), "yes", FALSE)} -> FALSE | AE27: =IF(AND(AD27=FALSE,(ISNUMBER(MATCH(F27,'ECHA biocidal AS'!C:C,0)))),TRUE,FALSE) -> FALSE | AF27: {=IF(ISNUMBER(MATCH(F27, _xlfn._xlws.FILTER('ECHA biocidal AS'!C:C, 'ECHA biocidal AS'!M:M="Approved"), 0)), TRUE, FALSE)} -> FALSE | AH27: =IF(ISNUMBER(MATCH(F27,'EQS WFD'!D:D,0)),TRUE,FALSE) -> FALSE | AJ27: =IF(ISNUMBER(MATCH(F27,'SoC_Ctgb 20181010'!C:C,0)),TRUE,FALSE) -> FALSE
M28: =IF(COUNTIF(N28:W28,TRUE)>0,TRUE,"Not Found") -> Not Found | N28: =IF(AND((COUNTIF($E$4,"*H3*")),(COUNTIF(K28,"*H3*"))),TRUE,FALSE) -> FALSE | P28: =AD28 -> FALSE | Q28: =AE28 -> FALSE | R28: =AF28 -> FALSE | T28: =AC28 -> FALSE | U28: =AD28 -> FALSE | W28: {=IF(ISBLANK(F28),"FALSE",IFERROR((VLOOKUP(TRIM(F28),TRIM(SCOEL!$B$12:$E$400),3,"FALSE")),"FALSE"))} -> FALSE | X28: =IF(COUNTIF(Z28:AI28,TRUE)>0,TRUE,"Not Found") -> Not Found | Y28: =IF(AND((COUNTIF($E$4,"*H4*")),(COUNTIF(K28,"*H4*"))),TRUE,FALSE) -> FALSE | Z28: =IF(COUNTIF(K28,"*H410*"),IF(J28*L28>25,"Cat. 1","not classified"),IF(COUNTIF(K28,"*H411*"),IF(L28>=25,"Cat. 2","not classified"),"geen H411")) -> geen H411 | AA28: =IF(ISNUMBER(MATCH(F28,'ECHA POP'!D:D,0)),TRUE,FALSE) -> FALSE | AB28: =IF(ISNUMBER(MATCH(F28,'ECHA candidate SVHC'!D:D,0)),TRUE,FALSE) -> FALSE | AC28: =IF(ISNUMBER(MATCH(F28,'ECHA PBT'!D:D,0)),TRUE,FALSE) -> FALSE | AD28: {=IF(ISNUMBER(MATCH(F28, _xlfn._xlws.FILTER('ECHA biocidal AS'!C:C, 'ECHA biocidal AS'!H:H="true"), 0)), "yes", FALSE)} -> FALSE | AE28: =IF(AND(AD28=FALSE,(ISNUMBER(MATCH(F28,'ECHA biocidal AS'!C:C,0)))),TRUE,FALSE) -> FALSE | AF28: {=IF(ISNUMBER(MATCH(F28, _xlfn._xlws.FILTER('ECHA biocidal AS'!C:C, 'ECHA biocidal AS'!M:M="Approved"), 0)), TRUE, FALSE)} -> FALSE | AH28: =IF(ISNUMBER(MATCH(F28,'EQS WFD'!D:D,0)),TRUE,FALSE) -> FALSE | AJ28: =IF(ISNUMBER(MATCH(F28,'SoC_Ctgb 20181010'!C:C,0)),TRUE,FALSE) -> FALSE
M29: =IF(COUNTIF(N29:W29,TRUE)>0,TRUE,"Not Found") -> Not Found | N29: =IF(AND((COUNTIF($E$4,"*H3*")),(COUNTIF(K29,"*H3*"))),TRUE,FALSE) -> FALSE | P29: =AD29 -> FALSE | Q29: =AE29 -> FALSE | R29: =AF29 -> FALSE | T29: =AC29 -> FALSE | U29: =AD29 -> FALSE | W29: {=IF(ISBLANK(F29),"FALSE",IFERROR((VLOOKUP(TRIM(F29),TRIM(SCOEL!$B$12:$E$400),3,"FALSE")),"FALSE"))} -> FALSE | X29: =IF(COUNTIF(Z29:AI29,TRUE)>0,TRUE,"Not Found") -> Not Found | Y29: =IF(AND((COUNTIF($E$4,"*H4*")),(COUNTIF(K29,"*H4*"))),TRUE,FALSE) -> FALSE | Z29: =IF(COUNTIF(K29,"*H410*"),IF(J29*L29>25,"Cat. 1","not classified"),IF(COUNTIF(K29,"*H411*"),IF(L29>=25,"Cat. 2","not classified"),"geen H411")) -> geen H411 | AA29: =IF(ISNUMBER(MATCH(F29,'ECHA POP'!D:D,0)),TRUE,FALSE) -> FALSE | AB29: =IF(ISNUMBER(MATCH(F29,'ECHA candidate SVHC'!D:D,0)),TRUE,FALSE) -> FALSE | AC29: =IF(ISNUMBER(MATCH(F29,'ECHA PBT'!D:D,0)),TRUE,FALSE) -> FALSE | AD29: {=IF(ISNUMBER(MATCH(F29, _xlfn._xlws.FILTER('ECHA biocidal AS'!C:C, 'ECHA biocidal AS'!H:H="true"), 0)), "yes", FALSE)} -> FALSE | AE29: =IF(AND(AD29=FALSE,(ISNUMBER(MATCH(F29,'ECHA biocidal AS'!C:C,0)))),TRUE,FALSE) -> FALSE | AF29: {=IF(ISNUMBER(MATCH(F29, _xlfn._xlws.FILTER('ECHA biocidal AS'!C:C, 'ECHA biocidal AS'!M:M="Approved"), 0)), TRUE, FALSE)} -> FALSE | AH29: =IF(ISNUMBER(MATCH(F29,'EQS WFD'!D:D,0)),TRUE,FALSE) -> FALSE | AJ29: =IF(ISNUMBER(MATCH(F29,'SoC_Ctgb 20181010'!C:C,0)),TRUE,FALSE) -> FALSE
M30: =IF(COUNTIF(N30:W30,TRUE)>0,TRUE,"Not Found") -> Not Found | N30: =IF(AND((COUNTIF($E$4,"*H3*")),(COUNTIF(K30,"*H3*"))),TRUE,FALSE) -> FALSE | P30: =AD30 -> FALSE | Q30: =AE30 -> FALSE | R30: =AF30 -> FALSE | T30: =AC30 -> FALSE | U30: =AD30 -> FALSE | W30: {=IF(ISBLANK(F30),"FALSE",IFERROR((VLOOKUP(TRIM(F30),TRIM(SCOEL!$B$12:$E$400),3,"FALSE")),"FALSE"))} -> FALSE | X30: =IF(COUNTIF(Z30:AI30,TRUE)>0,TRUE,"Not Found") -> Not Found | Y30: =IF(AND((COUNTIF($E$4,"*H4*")),(COUNTIF(K30,"*H4*"))),TRUE,FALSE) -> FALSE | Z30: =IF(COUNTIF(K30,"*H410*"),IF(J30*L30>25,"Cat. 1","not classified"),IF(COUNTIF(K30,"*H411*"),IF(L30>=25,"Cat. 2","not classified"),"geen H411")) -> geen H411 | AA30: =IF(ISNUMBER(MATCH(F30,'ECHA POP'!D:D,0)),TRUE,FALSE) -> FALSE | AB30: =IF(ISNUMBER(MATCH(F30,'ECHA candidate SVHC'!D:D,0)),TRUE,FALSE) -> FALSE | AC30: =IF(ISNUMBER(MATCH(F30,'ECHA PBT'!D:D,0)),TRUE,FALSE) -> FALSE | AD30: {=IF(ISNUMBER(MATCH(F30, _xlfn._xlws.FILTER('ECHA biocidal AS'!C:C, 'ECHA biocidal AS'!H:H="true"), 0)), "yes", FALSE)} -> FALSE | AE30: =IF(AND(AD30=FALSE,(ISNUMBER(MATCH(F30,'ECHA biocidal AS'!C:C,0)))),TRUE,FALSE) -> FALSE | AF30: {=IF(ISNUMBER(MATCH(F30, _xlfn._xlws.FILTER('ECHA biocidal AS'!C:C, 'ECHA biocidal AS'!M:M="Approved"), 0)), TRUE, FALSE)} -> FALSE | AH30: =IF(ISNUMBER(MATCH(F30,'EQS WFD'!D:D,0)),TRUE,FALSE) -> FALSE | AJ30: =IF(ISNUMBER(MATCH(F30,'SoC_Ctgb 20181010'!C:C,0)),TRUE,FALSE) -> FALSE
M31: =IF(COUNTIF(N31:W31,TRUE)>0,TRUE,"Not Found") -> Not Found | N31: =IF(AND((COUNTIF($E$4,"*H3*")),(COUNTIF(K31,"*H3*"))),TRUE,FALSE) -> FALSE | P31: =AD31 -> FALSE | Q31: =AE31 -> FALSE | R31: =AF31 -> FALSE | T31: =AC31 -> FALSE | U31: =AD31 -> FALSE | W31: {=IF(ISBLANK(F31),"FALSE",IFERROR((VLOOKUP(TRIM(F31),TRIM(SCOEL!$B$12:$E$400),3,"FALSE")),"FALSE"))} -> FALSE | X31: =IF(COUNTIF(Z31:AI31,TRUE)>0,TRUE,"Not Found") -> Not Found | Y31: =IF(AND((COUNTIF($E$4,"*H4*")),(COUNTIF(K31,"*H4*"))),TRUE,FALSE) -> FALSE | Z31: =IF(COUNTIF(K31,"*H410*"),IF(J31*L31>25,"Cat. 1","not classified"),IF(COUNTIF(K31,"*H411*"),IF(L31>=25,"Cat. 2","not classified"),"geen H411")) -> geen H411 | AA31: =IF(ISNUMBER(MATCH(F31,'ECHA POP'!D:D,0)),TRUE,FALSE) -> FALSE | AB31: =IF(ISNUMBER(MATCH(F31,'ECHA candidate SVHC'!D:D,0)),TRUE,FALSE) -> FALSE | AC31: =IF(ISNUMBER(MATCH(F31,'ECHA PBT'!D:D,0)),TRUE,FALSE) -> FALSE | AD31: {=IF(ISNUMBER(MATCH(F31, _xlfn._xlws.FILTER('ECHA biocidal AS'!C:C, 'ECHA biocidal AS'!H:H="true"), 0)), "yes", FALSE)} -> FALSE | AE31: =IF(AND(AD31=FALSE,(ISNUMBER(MATCH(F31,'ECHA biocidal AS'!C:C,0)))),TRUE,FALSE) -> FALSE | AF31: {=IF(ISNUMBER(MATCH(F31, _xlfn._xlws.FILTER('ECHA biocidal AS'!C:C, 'ECHA biocidal AS'!M:M="Approved"), 0)), TRUE, FALSE)} -> FALSE | AH31: =IF(ISNUMBER(MATCH(F31,'EQS WFD'!D:D,0)),TRUE,FALSE) -> FALSE | AJ31: =IF(ISNUMBER(MATCH(F31,'SoC_Ctgb 20181010'!C:C,0)),TRUE,FALSE) -> FALSE
M32: =IF(COUNTIF(N32:W32,TRUE)>0,TRUE,"Not Found") -> Not Found | N32: =IF(AND((COUNTIF($E$4,"*H3*")),(COUNTIF(K32,"*H3*"))),TRUE,FALSE) -> FALSE | P32: =AD32 -> FALSE | Q32: =AE32 -> FALSE | R32: =AF32 -> FALSE | T32: =AC32 -> FALSE | U32: =AD32 -> FALSE | W32: {=IF(ISBLANK(F32),"FALSE",IFERROR((VLOOKUP(TRIM(F32),TRIM(SCOEL!$B$12:$E$400),3,"FALSE")),"FALSE"))} -> FALSE | X32: =IF(COUNTIF(Z32:AI32,TRUE)>0,TRUE,"Not Found") -> Not Found | Y32: =IF(AND((COUNTIF($E$4,"*H4*")),(COUNTIF(K32,"*H4*"))),TRUE,FALSE) -> FALSE | Z32: =IF(COUNTIF(K32,"*H410*"),IF(J32*L32>25,"Cat. 1","not classified"),IF(COUNTIF(K32,"*H411*"),IF(L32>=25,"Cat. 2","not classified"),"geen H411")) -> geen H411 | AA32: =IF(ISNUMBER(MATCH(F32,'ECHA POP'!D:D,0)),TRUE,FALSE) -> FALSE | AB32: =IF(ISNUMBER(MATCH(F32,'ECHA candidate SVHC'!D:D,0)),TRUE,FALSE) -> FALSE | AC32: =IF(ISNUMBER(MATCH(F32,'ECHA PBT'!D:D,0)),TRUE,FALSE) -> FALSE | AD32: {=IF(ISNUMBER(MATCH(F32, _xlfn._xlws.FILTER('ECHA biocidal AS'!C:C, 'ECHA biocidal AS'!H:H="true"), 0)), "yes", FALSE)} -> FALSE | AE32: =IF(AND(AD32=FALSE,(ISNUMBER(MATCH(F32,'ECHA biocidal AS'!C:C,0)))),TRUE,FALSE) -> FALSE | AF32: {=IF(ISNUMBER(MATCH(F32, _xlfn._xlws.FILTER('ECHA biocidal AS'!C:C, 'ECHA biocidal AS'!M:M="Approved"), 0)), TRUE, FALSE)} -> FALSE | AH32: =IF(ISNUMBER(MATCH(F32,'EQS WFD'!D:D,0)),TRUE,FALSE) -> FALSE | AJ32: =IF(ISNUMBER(MATCH(F32,'SoC_Ctgb 20181010'!C:C,0)),TRUE,FALSE) -> FALSE
M33: =IF(COUNTIF(N33:W33,TRUE)>0,TRUE,"Not Found") -> Not Found | N33: =IF(AND((COUNTIF($E$4,"*H3*")),(COUNTIF(K33,"*H3*"))),TRUE,FALSE) -> FALSE | P33: =AD33 -> FALSE | Q33: =AE33 -> FALSE | R33: =AF33 -> FALSE | T33: =AC33 -> FALSE | U33: =AD33 -> FALSE | W33: {=IF(ISBLANK(F33),"FALSE",IFERROR((VLOOKUP(TRIM(F33),TRIM(SCOEL!$B$12:$E$400),3,"FALSE")),"FALSE"))} -> FALSE | X33: =IF(COUNTIF(Z33:AI33,TRUE)>0,TRUE,"Not Found") -> Not Found | Y33: =IF(AND((COUNTIF($E$4,"*H4*")),(COUNTIF(K33,"*H4*"))),TRUE,FALSE) -> FALSE | Z33: =IF(COUNTIF(K33,"*H410*"),IF(J33*L33>25,"Cat. 1","not classified"),IF(COUNTIF(K33,"*H411*"),IF(L33>=25,"Cat. 2","not classified"),"geen H411")) -> geen H411 | AA33: =IF(ISNUMBER(MATCH(F33,'ECHA POP'!D:D,0)),TRUE,FALSE) -> FALSE | AB33: =IF(ISNUMBER(MATCH(F33,'ECHA candidate SVHC'!D:D,0)),TRUE,FALSE) -> FALSE | AC33: =IF(ISNUMBER(MATCH(F33,'ECHA PBT'!D:D,0)),TRUE,FALSE) -> FALSE | AD33: {=IF(ISNUMBER(MATCH(F33, _xlfn._xlws.FILTER('ECHA biocidal AS'!C:C, 'ECHA biocidal AS'!H:H="true"), 0)), "yes", FALSE)} -> FALSE | AE33: =IF(AND(AD33=FALSE,(ISNUMBER(MATCH(F33,'ECHA biocidal AS'!C:C,0)))),TRUE,FALSE) -> FALSE | AF33: {=IF(ISNUMBER(MATCH(F33, _xlfn._xlws.FILTER('ECHA biocidal AS'!C:C, 'ECHA biocidal AS'!M:M="Approved"), 0)), TRUE, FALSE)} -> FALSE | AH33: =IF(ISNUMBER(MATCH(F33,'EQS WFD'!D:D,0)),TRUE,FALSE) -> FALSE | AJ33: =IF(ISNUMBER(MATCH(F33,'SoC_Ctgb 20181010'!C:C,0)),TRUE,FALSE) -> FALSE
M34: =IF(COUNTIF(N34:W34,TRUE)>0,TRUE,"Not Found") -> Not Found | N34: =IF(AND((COUNTIF($E$4,"*H3*")),(COUNTIF(K34,"*H3*"))),TRUE,FALSE) -> FALSE | P34: =AD34 -> FALSE | Q34: =AE34 -> FALSE | R34: =AF34 -> FALSE | T34: =AC34 -> FALSE | U34: =AD34 -> FALSE | W34: {=IF(ISBLANK(F34),"FALSE",IFERROR((VLOOKUP(TRIM(F34),TRIM(SCOEL!$B$12:$E$400),3,"FALSE")),"FALSE"))} -> FALSE | X34: =IF(COUNTIF(Z34:AI34,TRUE)>0,TRUE,"Not Found") -> Not Found | Y34: =IF(AND((COUNTIF($E$4,"*H4*")),(COUNTIF(K34,"*H4*"))),TRUE,FALSE) -> FALSE | Z34: =IF(COUNTIF(K34,"*H410*"),IF(J34*L34>25,"Cat. 1","not classified"),IF(COUNTIF(K34,"*H411*"),IF(L34>=25,"Cat. 2","not classified"),"geen H411")) -> geen H411 | AA34: =IF(ISNUMBER(MATCH(F34,'ECHA POP'!D:D,0)),TRUE,FALSE) -> FALSE | AB34: =IF(ISNUMBER(MATCH(F34,'ECHA candidate SVHC'!D:D,0)),TRUE,FALSE) -> FALSE | AC34: =IF(ISNUMBER(MATCH(F34,'ECHA PBT'!D:D,0)),TRUE,FALSE) -> FALSE | AD34: {=IF(ISNUMBER(MATCH(F34, _xlfn._xlws.FILTER('ECHA biocidal AS'!C:C, 'ECHA biocidal AS'!H:H="true"), 0)), "yes", FALSE)} -> FALSE | AE34: =IF(AND(AD34=FALSE,(ISNUMBER(MATCH(F34,'ECHA biocidal AS'!C:C,0)))),TRUE,FALSE) -> FALSE | AF34: {=IF(ISNUMBER(MATCH(F34, _xlfn._xlws.FILTER('ECHA biocidal AS'!C:C, 'ECHA biocidal AS'!M:M="Approved"), 0)), TRUE, FALSE)} -> FALSE | AH34: =IF(ISNUMBER(MATCH(F34,'EQS WFD'!D:D,0)),TRUE,FALSE) -> FALSE | AJ34: =IF(ISNUMBER(MATCH(F34,'SoC_Ctgb 20181010'!C:C,0)),TRUE,FALSE) -> FALSE
M35: =IF(COUNTIF(N35:W35,TRUE)>0,TRUE,"Not Found") -> Not Found | N35: =IF(AND((COUNTIF($E$4,"*H3*")),(COUNTIF(K35,"*H3*"))),TRUE,FALSE) -> FALSE | P35: =AD35 -> FALSE | Q35: =AE35 -> FALSE | R35: =AF35 -> FALSE | T35: =AC35 -> FALSE | U35: =AD35 -> FALSE | W35: {=IF(ISBLANK(F35),"FALSE",IFERROR((VLOOKUP(TRIM(F35),TRIM(SCOEL!$B$12:$E$400),3,"FALSE")),"FALSE"))} -> FALSE | X35: =IF(COUNTIF(Z35:AI35,TRUE)>0,TRUE,"Not Found") -> Not Found | Y35: =IF(AND((COUNTIF($E$4,"*H4*")),(COUNTIF(K35,"*H4*"))),TRUE,FALSE) -> FALSE | Z35: =IF(COUNTIF(K35,"*H410*"),IF(J35*L35>25,"Cat. 1","not classified"),IF(COUNTIF(K35,"*H411*"),IF(L35>=25,"Cat. 2","not classified"),"geen H411")) -> geen H411 | AA35: =IF(ISNUMBER(MATCH(F35,'ECHA POP'!D:D,0)),TRUE,FALSE) -> FALSE | AB35: =IF(ISNUMBER(MATCH(F35,'ECHA candidate SVHC'!D:D,0)),TRUE,FALSE) -> FALSE | AC35: =IF(ISNUMBER(MATCH(F35,'ECHA PBT'!D:D,0)),TRUE,FALSE) -> FALSE | AD35: {=IF(ISNUMBER(MATCH(F35, _xlfn._xlws.FILTER('ECHA biocidal AS'!C:C, 'ECHA biocidal AS'!H:H="true"), 0)), "yes", FALSE)} -> FALSE | AE35: =IF(AND(AD35=FALSE,(ISNUMBER(MATCH(F35,'ECHA biocidal AS'!C:C,0)))),TRUE,FALSE) -> FALSE | AF35: {=IF(ISNUMBER(MATCH(F35, _xlfn._xlws.FILTER('ECHA biocidal AS'!C:C, 'ECHA biocidal AS'!M:M="Approved"), 0)), TRUE, FALSE)} -> FALSE | AH35: =IF(ISNUMBER(MATCH(F35,'EQS WFD'!D:D,0)),TRUE,FALSE) -> FALSE | AJ35: =IF(ISNUMBER(MATCH(F35,'SoC_Ctgb 20181010'!C:C,0)),TRUE,FALSE) -> FALSE
M36: =IF(COUNTIF(N36:W36,TRUE)>0,TRUE,"Not Found") -> Not Found | N36: =IF(AND((COUNTIF($E$4,"*H3*")),(COUNTIF(K36,"*H3*"))),TRUE,FALSE) -> FALSE | P36: =AD36 -> FALSE | Q36: =AE36 -> FALSE | R36: =AF36 -> FALSE | T36: =AC36 -> FALSE | U36: =AD36 -> FALSE | W36: {=IF(ISBLANK(F36),"FALSE",IFERROR((VLOOKUP(TRIM(F36),TRIM(SCOEL!$B$12:$E$400),3,"FALSE")),"FALSE"))} -> FALSE | X36: =IF(COUNTIF(Z36:AI36,TRUE)>0,TRUE,"Not Found") -> Not Found | Y36: =IF(AND((COUNTIF($E$4,"*H4*")),(COUNTIF(K36,"*H4*"))),TRUE,FALSE) -> FALSE | Z36: =IF(COUNTIF(K36,"*H410*"),IF(J36*L36>25,"Cat. 1","not classified"),IF(COUNTIF(K36,"*H411*"),IF(L36>=25,"Cat. 2","not classified"),"geen H411")) -> geen H411 | AA36: =IF(ISNUMBER(MATCH(F36,'ECHA POP'!D:D,0)),TRUE,FALSE) -> FALSE | AB36: =IF(ISNUMBER(MATCH(F36,'ECHA candidate SVHC'!D:D,0)),TRUE,FALSE) -> FALSE | AC36: =IF(ISNUMBER(MATCH(F36,'ECHA PBT'!D:D,0)),TRUE,FALSE) -> FALSE | AD36: {=IF(ISNUMBER(MATCH(F36, _xlfn._xlws.FILTER('ECHA biocidal AS'!C:C, 'ECHA biocidal AS'!H:H="true"), 0)), "yes", FALSE)} -> FALSE | AE36: =IF(AND(AD36=FALSE,(ISNUMBER(MATCH(F36,'ECHA biocidal AS'!C:C,0)))),TRUE,FALSE) -> FALSE | AF36: {=IF(ISNUMBER(MATCH(F36, _xlfn._xlws.FILTER('ECHA biocidal AS'!C:C, 'ECHA biocidal AS'!M:M="Approved"), 0)), TRUE, FALSE)} -> FALSE | AH36: =IF(ISNUMBER(MATCH(F36,'EQS WFD'!D:D,0)),TRUE,FALSE) -> FALSE | AJ36: =IF(ISNUMBER(MATCH(F36,'SoC_Ctgb 20181010'!C:C,0)),TRUE,FALSE) -> FALSE
... M125: =IF(COUNTIF(N125:W125,TRUE)>0,TRUE,"Not Found") -> Not Found | N125: =IF(AND((COUNTIF($E$4,"*H3*")),(COUNTIF(K125,"*H3*"))),TRUE,FALSE) -> FALSE | P125: =AD125 -> FALSE | Q125: =AE125 -> FALSE | R125: =AF125 -> FALSE | T125: =AC125 -> FALSE | U125: =AD125 -> FALSE | W125: {=IF(ISBLANK(F125),"FALSE",IFERROR((VLOOKUP(TRIM(F125),TRIM(SCOEL!$B$12:$E$400),3,"FALSE")),"FALSE"))} -> FALSE | X125: =IF(COUNTIF(Z125:AI125,TRUE)>0,TRUE,"Not Found") -> Not Found | Y125: =IF(AND((COUNTIF($E$4,"*H4*")),(COUNTIF(K125,"*H4*"))),TRUE,FALSE) -> FALSE | Z125: =IF(COUNTIF(K125,"*H410*"),IF(J125*L125>25,"Cat. 1","not classified"),IF(COUNTIF(K125,"*H411*"),IF(L125>=25,"Cat. 2","not classified"),"geen H411")) -> geen H411 | AA125: =IF(ISNUMBER(MATCH(F125,'ECHA POP'!D:D,0)),TRUE,FALSE) -> FALSE | AB125: =IF(ISNUMBER(MATCH(F125,'ECHA candidate SVHC'!D:D,0)),TRUE,FALSE) -> FALSE | AC125: =IF(ISNUMBER(MATCH(F125,'ECHA PBT'!D:D,0)),TRUE,FALSE) -> FALSE | AD125: {=IF(ISNUMBER(MATCH(F125, _xlfn._xlws.FILTER('ECHA biocidal AS'!C:C, 'ECHA biocidal AS'!H:H="true"), 0)), "yes", FALSE)} -> FALSE | AE125: =IF(AND(AD125=FALSE,(ISNUMBER(MATCH(F125,'ECHA biocidal AS'!C:C,0)))),TRUE,FALSE) -> FALSE | AF125: {=IF(ISNUMBER(MATCH(F125, _xlfn._xlws.FILTER('ECHA biocidal AS'!C:C, 'ECHA biocidal AS'!M:M="Approved"), 0)), TRUE, FALSE)} -> FALSE | AH125: =IF(ISNUMBER(MATCH(F125,'EQS WFD'!D:D,0)),TRUE,FALSE) -> FALSE | AJ125: =IF(ISNUMBER(MATCH(F125,'SoC_Ctgb 20181010'!C:C,0)),TRUE,FALSE) -> FALSE

Sheet ENV mixture rules
G17: #VALUE!
B22: Hazard Category | C22: Hazard Code | D22: Description
B23: Acute 1 | C23: H400 | D23: Very toxic to aquatic life
B24: Chronic 1 | C24: H410 | D24: Very toxic to aquatic life with long-lasting effects
B25: Chronic 2 | C25: H411 | D25: Toxic to aquatic life with long-lasting effects
B26: Chronic 3 | C26: H412 | D26: Harmful to aquatic life with long-lasting effects
B27: Chronic 4 | C27: H413 | D27: May cause long-lasting harmful effects to aquatic life

Sheet COMPOSITION_old 
C2: based on 20230313 shared via teams sharepoint (breakdown - not as added ingredients) | F2: FEBREZE | Y2: HH | AE2: ENV | AK2: outcome screening
F3: ??? | G3: to complete with the classification of febreze | M3: outcome screening | N3: ENV. cat. 1 | O3: ENV. cat. 2 | P3: ENV. cat. 2 | Q3: ENV. cat. 2 | R3: ENV cat. 4 | S3: ENV cat. 5 | T3: ENV cat. 6 | U3: ENV cat. 4 | W3: ENV cat. 3 | X3: outcome screening | Y3: HH cat. 1 | Z3: HH cat. 2 | AA3: HH cat. 3 | AB3: HH cat. 4 | AC3: HH cat. 5 | AE3: ENV. cat. 1 | AF3: ENV. cat. 2 | AG3: ENV cat. 3 | AH3: ENV cat. 4 | AI3: ENV cat. 5 | AJ3: ENV cat. 6
F4: VLOOKUP(G7,'ECHA biocidal AS_20230301'!C6:H1473,6,FALSE) | N4: - | Y4: band A or B | Z4: band C | AA4: band C | AB4: band D | AC4: band C | AE4: -
N5: QuaLitative or QuaNitative | O5: QuaLitative or QuaNitative | P5: QuaLitative or QuaNitative | Q5: QuaLitative or QuaNitative | R5: QuaLitative or QuaNitative | S5: QuaLitative or QuaNitative | T5: QuaLitative or QuaNitative | U5: QuaLitative or QuaNitative | W5: QuaNitative | Y5: QuaLitative | Z5: QuaNitative | AA5: QuaNitative | AB5: QuaNitative | AC5: QuaNitative | AE5: QuaLitative or QuaNitative | AF5: QuaLitative or QuaNitative | AG5: QuaNitative | AH5: QuaLitative or QuaNitative | AI5: QuaLitative or QuaNitative | AJ5: QuaLitative or QuaNitative
B6: No | C6: Company | D6: Product | E6: RM SDS | F6: Ingredient name | G6: CAS | H6: EC | I6: Classification from SDS | J6: WC concentration in mixture | K6: classification | L6: Concentration (%) | M6: ID as possible SoC | N6: triggers ENV class | O6: Annex 1 AS | P6: lookup AS and NOT Annex I | Q6: AS + (conc > 0.1% or ED or PBT or PNEC < PNEC AS) | R6: lookup vPvB, PBT | S6: lookup B and T ccriteria | T6: lookup EQS list WFD | U6: lookup POP list | V6: lookup Ctgb list | W6: synergist | X6: Type of assessment (QN or QL) | Y6: triggers HH classif. | Z6: Active substance with CAR> 0.1% | AA6: Synergist | AB6: REACH SVHC (incl. PBT, vPvB), ED, CMR | AC6: OEL (mg/m3) | AD6: OEL reference: SCOEL or XX for country | AE6: Triggers ENV classification | AF6: Active substance with CAR> 0.1% (or if PNECSoC <PNECas also <0.1%) | AG6: Synergist | AH6: REACH SVHC (incl. PBT, vPvB) | AI6: 2 of 3 PBT criteria | AJ6: EQS water frame work directive | AK6: Type of assessment (QN or QL)
E7: ??? | M7: =IF(COUNTIF(P7:W7,TRUE)>0,TRUE,"Not Found") -> Not Found | N7: =IF(AND((COUNTIF(I7,"*H4*")),(COUNTIF($E$7,"*H4*"))),TRUE,FALSE) -> FALSE | O7: =VLOOKUP(G7,'ECHA biocidal AS'!C6:H1473,6,FALSE) -> #N/A | P7: =IF(AND(O7="false",(ISNUMBER(MATCH(G7,'ECHA biocidal AS'!C:C,0)))),TRUE,FALSE) -> #N/A | R7: =IF(ISNUMBER(MATCH(G7,'ECHA candidate SVHC'!D:D,0)),TRUE,FALSE) -> FALSE | T7: =IF(ISNUMBER(MATCH(G7,'EQS WFD'!D:D,0)),TRUE,FALSE) -> FALSE | U7: =IF(ISNUMBER(MATCH(G7,'ECHA POP'!D:D,0)),TRUE,FALSE) -> FALSE | V7: =IF(ISNUMBER(MATCH(H7,'EQS WFD'!E:E,0)),TRUE,FALSE) -> FALSE
G8: 30507-70-1 | I8: n/a? (no SDS provided) | M8: =IF(COUNTIF(P8:W8,TRUE)>0,TRUE,"Not Found") -> TRUE | N8: =IF(AND((COUNTIF(I8,"*H4*")),(COUNTIF($E$7,"*H4*"))),TRUE,FALSE) -> FALSE | O8: =VLOOKUP(G8,'ECHA biocidal AS'!C7:H1474,6,FALSE) -> false | P8: =IF(AND(O8="false",(ISNUMBER(MATCH(G8,'ECHA biocidal AS'!C:C,0)))),TRUE,FALSE) -> TRUE | R8: =IF(ISNUMBER(MATCH(G8,'ECHA candidate SVHC'!D:D,0)),TRUE,FALSE) -> FALSE | T8: =IF(ISNUMBER(MATCH(G8,'EQS WFD'!D:D,0)),TRUE,FALSE) -> FALSE | U8: =IF(ISNUMBER(MATCH(G8,'ECHA POP'!D:D,0)),TRUE,FALSE) -> FALSE | V8: =IF(ISNUMBER(MATCH(G8,'SoC_Ctgb 20181010'!C:C,0)),"TRUE","False") -> False
G9: 1166-46-7 | I9: H304-EUH066 | M9: =IF(COUNTIF(P9:W9,TRUE)>0,TRUE,"Not Found") -> Not Found | N9: =IF(AND((COUNTIF(I9,"*H4*")),(COUNTIF($E$7,"*H4*"))),TRUE,FALSE) -> FALSE | O9: =VLOOKUP(G9,'ECHA biocidal AS'!C8:H1475,6,FALSE) -> #N/A | P9: =IF(AND(O9="false",(ISNUMBER(MATCH(G9,'ECHA biocidal AS'!C:C,0)))),TRUE,FALSE) -> #N/A | R9: =IF(ISNUMBER(MATCH(G9,'ECHA candidate SVHC'!D:D,0)),TRUE,FALSE) -> FALSE | T9: =IF(ISNUMBER(MATCH(G9,'EQS WFD'!D:D,0)),TRUE,FALSE) -> FALSE | U9: =IF(ISNUMBER(MATCH(G9,'ECHA POP'!D:D,0)),TRUE,FALSE) -> FALSE | V9: =IF(ISNUMBER(MATCH(G9,'SoC_Ctgb 20181010'!C:C,0)),"TRUE","False") -> False
G10: 64742-49-0 | I10: H304-EUH066 | M10: =IF(COUNTIF(P10:W10,TRUE)>0,TRUE,"Not Found") -> Not Found | N10: =IF(AND((COUNTIF(I10,"*H4*")),(COUNTIF($E$7,"*H4*"))),TRUE,FALSE) -> FALSE | O10: =VLOOKUP(G10,'ECHA biocidal AS'!C9:H1476,6,FALSE) -> #N/A | P10: =IF(AND(O10="false",(ISNUMBER(MATCH(G10,'ECHA biocidal AS'!C:C,0)))),TRUE,FALSE) -> #N/A | R10: =IF(ISNUMBER(MATCH(G10,'ECHA candidate SVHC'!D:D,0)),TRUE,FALSE) -> FALSE | T10: =IF(ISNUMBER(MATCH(G10,'EQS WFD'!D:D,0)),TRUE,FALSE) -> FALSE | U10: =IF(ISNUMBER(MATCH(G10,'ECHA POP'!D:D,0)),TRUE,FALSE) -> FALSE | V10: =IF(ISNUMBER(MATCH(G10,'SoC_Ctgb 20181010'!C:C,0)),"TRUE","False") -> False
G11: 64742-49-0 | I11: h524-h485-h284 | M11: =IF(COUNTIF(P11:W11,TRUE)>0,TRUE,"Not Found") -> Not Found | N11: =IF(AND((COUNTIF(I11,"*H4*")),(COUNTIF($E$7,"*H4*"))),TRUE,FALSE) -> FALSE | O11: =VLOOKUP(G11,'ECHA biocidal AS'!C10:H1477,6,FALSE) -> #N/A | P11: =IF(AND(O11="false",(ISNUMBER(MATCH(G11,'ECHA biocidal AS'!C:C,0)))),TRUE,FALSE) -> #N/A | R11: =IF(ISNUMBER(MATCH(G11,'ECHA candidate SVHC'!D:D,0)),TRUE,FALSE) -> FALSE | T11: =IF(ISNUMBER(MATCH(G11,'EQS WFD'!D:D,0)),TRUE,FALSE) -> FALSE | U11: =IF(ISNUMBER(MATCH(G11,'ECHA POP'!D:D,0)),TRUE,FALSE) -> FALSE | V11: =IF(ISNUMBER(MATCH(G11,'SoC_Ctgb 20181010'!C:C,0)),"TRUE","False") -> False
G12: 67-64-1 | I12: (no hazardus ingredient in SDS provided) | M12: =IF(COUNTIF(P12:W12,TRUE)>0,TRUE,"Not Found") -> Not Found | N12: =IF(AND((COUNTIF(I12,"*H4*")),(COUNTIF($E$7,"*H4*"))),TRUE,FALSE) -> FALSE | O12: =VLOOKUP(G12,'ECHA biocidal AS'!C11:H1478,6,FALSE) -> #N/A | P12: =IF(AND(O12="false",(ISNUMBER(MATCH(G12,'ECHA biocidal AS'!C:C,0)))),TRUE,FALSE) -> #N/A | R12: =IF(ISNUMBER(MATCH(G12,'ECHA candidate SVHC'!D:D,0)),TRUE,FALSE) -> FALSE | T12: =IF(ISNUMBER(MATCH(G12,'EQS WFD'!D:D,0)),TRUE,FALSE) -> FALSE | U12: =IF(ISNUMBER(MATCH(G12,'ECHA POP'!D:D,0)),TRUE,FALSE) -> FALSE | V12: =IF(ISNUMBER(MATCH(G12,'SoC_Ctgb 20181010'!C:C,0)),"TRUE","False") -> False
G13: 29118-24-9 | I13: n/a? (no SDS provided) | M13: =IF(COUNTIF(P13:W13,TRUE)>0,TRUE,"Not Found") -> Not Found | N13: =IF(AND((COUNTIF(I13,"*H4*")),(COUNTIF($E$7,"*H4*"))),TRUE,FALSE) -> FALSE | O13: =VLOOKUP(G13,'ECHA biocidal AS'!C12:H1479,6,FALSE) -> #N/A | P13: =IF(AND(O13="false",(ISNUMBER(MATCH(G13,'ECHA biocidal AS'!C:C,0)))),TRUE,FALSE) -> #N/A | R13: =IF(ISNUMBER(MATCH(G13,'ECHA candidate SVHC'!D:D,0)),TRUE,FALSE) -> FALSE | T13: =IF(ISNUMBER(MATCH(G13,'EQS WFD'!D:D,0)),TRUE,FALSE) -> FALSE | U13: =IF(ISNUMBER(MATCH(G13,'ECHA POP'!D:D,0)),TRUE,FALSE) -> FALSE | V13: =IF(ISNUMBER(MATCH(G13,'SoC_Ctgb 20181010'!C:C,0)),"TRUE","False") -> False
G14: 64742-49-0 | I14: n/a? (no SDS provided) | M14: =IF(COUNTIF(P14:W14,TRUE)>0,TRUE,"Not Found") -> Not Found | N14: =IF(AND((COUNTIF(I14,"*H4*")),(COUNTIF($E$7,"*H4*"))),TRUE,FALSE) -> FALSE | O14: =VLOOKUP(G14,'ECHA biocidal AS'!C13:H1480,6,FALSE) -> #N/A | P14: =IF(AND(O14="false",(ISNUMBER(MATCH(G14,'ECHA biocidal AS'!C:C,0)))),TRUE,FALSE) -> #N/A | R14: =IF(ISNUMBER(MATCH(G14,'ECHA candidate SVHC'!D:D,0)),TRUE,FALSE) -> FALSE | T14: =IF(ISNUMBER(MATCH(G14,'EQS WFD'!D:D,0)),TRUE,FALSE) -> FALSE | U14: =IF(ISNUMBER(MATCH(G14,'ECHA POP'!D:D,0)),TRUE,FALSE) -> FALSE | V14: =IF(ISNUMBER(MATCH(G14,'SoC_Ctgb 20181010'!C:C,0)),"TRUE","False") -> False
G15: 64-17-5 | I15: H220 | M15: =IF(COUNTIF(P15:W15,TRUE)>0,TRUE,"Not Found") -> TRUE | N15: =IF(AND((COUNTIF(I15,"*H4*")),(COUNTIF($E$7,"*H4*"))),TRUE,FALSE) -> FALSE | O15: =VLOOKUP(G15,'ECHA biocidal AS'!C14:H1481,6,FALSE) -> false | P15: =IF(AND(O15="false",(ISNUMBER(MATCH(G15,'ECHA biocidal AS'!C:C,0)))),TRUE,FALSE) -> TRUE | R15: =IF(ISNUMBER(MATCH(G15,'ECHA candidate SVHC'!D:D,0)),TRUE,FALSE) -> FALSE | T15: =IF(ISNUMBER(MATCH(G15,'EQS WFD'!D:D,0)),TRUE,FALSE) -> FALSE | U15: =IF(ISNUMBER(MATCH(G15,'ECHA POP'!D:D,0)),TRUE,FALSE) -> FALSE | V15: =IF(ISNUMBER(MATCH(G15,'SoC_Ctgb 20181010'!C:C,0)),"TRUE","False") -> False
I16: H220 mutagenic, carcinogenic | M16: =IF(COUNTIF(P16:W16,TRUE)>0,TRUE,"Not Found") -> Not Found | N16: =IF(AND((COUNTIF(I16,"*H4*")),(COUNTIF($E$7,"*H4*"))),TRUE,FALSE) -> FALSE | O16: =VLOOKUP(G16,'ECHA biocidal AS'!C15:H1482,6,FALSE) -> #N/A | P16: =IF(AND(O16="false",(ISNUMBER(MATCH(G16,'ECHA biocidal AS'!C:C,0)))),TRUE,FALSE) -> #N/A | R16: =IF(ISNUMBER(MATCH(G16,'ECHA candidate SVHC'!D:D,0)),TRUE,FALSE) -> FALSE | T16: =IF(ISNUMBER(MATCH(G16,'EQS WFD'!D:D,0)),TRUE,FALSE) -> FALSE | U16: =IF(ISNUMBER(MATCH(G16,'ECHA POP'!D:D,0)),TRUE,FALSE) -> FALSE | V16: =IF(ISNUMBER(MATCH(G16,'SoC_Ctgb 20181010'!C:C,0)),"TRUE","False") -> False
I17: H220 mutagenic, carcinogenic | M17: =IF(COUNTIF(P17:W17,TRUE)>0,TRUE,"Not Found") -> Not Found | N17: =IF(AND((COUNTIF(I17,"*H4*")),(COUNTIF($E$7,"*H4*"))),TRUE,FALSE) -> FALSE | O17: =VLOOKUP(G17,'ECHA biocidal AS'!C16:H1483,6,FALSE) -> #N/A | P17: =IF(AND(O17="false",(ISNUMBER(MATCH(G17,'ECHA biocidal AS'!C:C,0)))),TRUE,FALSE) -> #N/A | R17: =IF(ISNUMBER(MATCH(G17,'ECHA candidate SVHC'!D:D,0)),TRUE,FALSE) -> FALSE | T17: =IF(ISNUMBER(MATCH(G17,'EQS WFD'!D:D,0)),TRUE,FALSE) -> FALSE | U17: =IF(ISNUMBER(MATCH(G17,'ECHA POP'!D:D,0)),TRUE,FALSE) -> FALSE | V17: =IF(ISNUMBER(MATCH(G17,'SoC_Ctgb 20181010'!C:C,0)),"TRUE","False") -> False
I18: H225-H304-H315-H336-H411 | M18: =IF(COUNTIF(P18:W18,TRUE)>0,TRUE,"Not Found") -> Not Found | N18: =IF(AND((COUNTIF(I18,"*H4*")),(COUNTIF($E$7,"*H4*"))),TRUE,FALSE) -> FALSE | O18: =VLOOKUP(G18,'ECHA biocidal AS'!C17:H1484,6,FALSE) -> #N/A | P18: =IF(AND(O18="false",(ISNUMBER(MATCH(G18,'ECHA biocidal AS'!C:C,0)))),TRUE,FALSE) -> #N/A | R18: =IF(ISNUMBER(MATCH(G18,'ECHA candidate SVHC'!D:D,0)),TRUE,FALSE) -> FALSE | T18: =IF(ISNUMBER(MATCH(G18,'EQS WFD'!D:D,0)),TRUE,FALSE) -> FALSE | U18: =IF(ISNUMBER(MATCH(G18,'ECHA POP'!D:D,0)),TRUE,FALSE) -> FALSE | V18: =IF(ISNUMBER(MATCH(G18,'SoC_Ctgb 20181010'!C:C,0)),"TRUE","False") -> False
M19: =IF(COUNTIF(P19:W19,TRUE)>0,TRUE,"Not Found") -> Not Found | N19: =IF(AND((COUNTIF(I19,"*H4*")),(COUNTIF($E$7,"*H4*"))),TRUE,FALSE) -> FALSE | O19: =VLOOKUP(G19,'ECHA biocidal AS'!C18:H1485,6,FALSE) -> #N/A | P19: =IF(AND(O19="false",(ISNUMBER(MATCH(G19,'ECHA biocidal AS'!C:C,0)))),TRUE,FALSE) -> #N/A | R19: =IF(ISNUMBER(MATCH(G19,'ECHA candidate SVHC'!D:D,0)),TRUE,FALSE) -> FALSE | T19: =IF(ISNUMBER(MATCH(G19,'EQS WFD'!D:D,0)),TRUE,FALSE) -> FALSE | U19: =IF(ISNUMBER(MATCH(G19,'ECHA POP'!D:D,0)),TRUE,FALSE) -> FALSE | V19: =IF(ISNUMBER(MATCH(G19,'SoC_Ctgb 20181010'!C:C,0)),"TRUE","False") -> False
M20: =IF(COUNTIF(P20:W20,TRUE)>0,TRUE,"Not Found") -> Not Found | N20: =IF(AND((COUNTIF(I20,"*H4*")),(COUNTIF($E$7,"*H4*"))),TRUE,FALSE) -> FALSE | O20: =VLOOKUP(G20,'ECHA biocidal AS'!C19:H1486,6,FALSE) -> #N/A | P20: =IF(AND(O20="false",(ISNUMBER(MATCH(G20,'ECHA biocidal AS'!C:C,0)))),TRUE,FALSE) -> #N/A | R20: =IF(ISNUMBER(MATCH(G20,'ECHA candidate SVHC'!D:D,0)),TRUE,FALSE) -> FALSE | T20: =IF(ISNUMBER(MATCH(G20,'EQS WFD'!D:D,0)),TRUE,FALSE) -> FALSE | U20: =IF(ISNUMBER(MATCH(G20,'ECHA POP'!D:D,0)),TRUE,FALSE) -> FALSE | V20: =IF(ISNUMBER(MATCH(G20,'SoC_Ctgb 20181010'!C:C,0)),"TRUE","False") -> False
M21: =IF(COUNTIF(P21:W21,TRUE)>0,TRUE,"Not Found") -> Not Found | N21: =IF(AND((COUNTIF(I21,"*H4*")),(COUNTIF($E$7,"*H4*"))),TRUE,FALSE) -> FALSE | O21: =VLOOKUP(G21,'ECHA biocidal AS'!C20:H1487,6,FALSE) -> #N/A | P21: =IF(AND(O21="false",(ISNUMBER(MATCH(G21,'ECHA biocidal AS'!C:C,0)))),TRUE,FALSE) -> #N/A | R21: =IF(ISNUMBER(MATCH(G21,'ECHA candidate SVHC'!D:D,0)),TRUE,FALSE) -> FALSE | T21: =IF(ISNUMBER(MATCH(G21,'EQS WFD'!D:D,0)),TRUE,FALSE) -> FALSE | U21: =IF(ISNUMBER(MATCH(G21,'ECHA POP'!D:D,0)),TRUE,FALSE) -> FALSE | V21: =IF(ISNUMBER(MATCH(G21,'SoC_Ctgb 20181010'!C:C,0)),"TRUE","False") -> False
M22: =IF(COUNTIF(P22:W22,TRUE)>0,TRUE,"Not Found") -> Not Found | N22: =IF(AND((COUNTIF(I22,"*H4*")),(COUNTIF($E$7,"*H4*"))),TRUE,FALSE) -> FALSE | O22: =VLOOKUP(G22,'ECHA biocidal AS'!C21:H1488,6,FALSE) -> #N/A | P22: =IF(AND(O22="false",(ISNUMBER(MATCH(G22,'ECHA biocidal AS'!C:C,0)))),TRUE,FALSE) -> #N/A | R22: =IF(ISNUMBER(MATCH(G22,'ECHA candidate SVHC'!D:D,0)),TRUE,FALSE) -> FALSE | T22: =IF(ISNUMBER(MATCH(G22,'EQS WFD'!D:D,0)),TRUE,FALSE) -> FALSE | U22: =IF(ISNUMBER(MATCH(G22,'ECHA POP'!D:D,0)),TRUE,FALSE) -> FALSE | V22: =IF(ISNUMBER(MATCH(G22,'SoC_Ctgb 20181010'!C:C,0)),"TRUE","False") -> False
M23: =IF(COUNTIF(P23:W23,TRUE)>0,TRUE,"Not Found") -> Not Found | N23: =IF(AND((COUNTIF(I23,"*H4*")),(COUNTIF($E$7,"*H4*"))),TRUE,FALSE) -> FALSE | O23: =VLOOKUP(G23,'ECHA biocidal AS'!C22:H1489,6,FALSE) -> #N/A | P23: =IF(AND(O23="false",(ISNUMBER(MATCH(G23,'ECHA biocidal AS'!C:C,0)))),TRUE,FALSE) -> #N/A | R23: =IF(ISNUMBER(MATCH(G23,'ECHA candidate SVHC'!D:D,0)),TRUE,FALSE) -> FALSE | T23: =IF(ISNUMBER(MATCH(G23,'EQS WFD'!D:D,0)),TRUE,FALSE) -> FALSE | U23: =IF(ISNUMBER(MATCH(G23,'ECHA POP'!D:D,0)),TRUE,FALSE) -> FALSE | V23: =IF(ISNUMBER(MATCH(G23,'SoC_Ctgb 20181010'!C:C,0)),"TRUE","False") -> False
B24: BP1 | C24: P&G | D24: Febreze Fabric Refresher 3CP AB Watercress Cupido Amiens Air Care | E24: Alcohol | F24: ethanol | G24: 64-17-5 | H24: 200-578-6 | L24: 0.98958 | M24: =IF(COUNTIF(P24:W24,TRUE)>0,TRUE,"Not Found") -> TRUE | N24: =IF(AND((COUNTIF(I24,"*H4*")),(COUNTIF($E$7,"*H4*"))),TRUE,FALSE) -> FALSE | O24: =VLOOKUP(G24,'ECHA biocidal AS'!C23:H1490,6,FALSE) -> false | P24: =IF(AND(O24="false",(ISNUMBER(MATCH(G24,'ECHA biocidal AS'!C:C,0)))),TRUE,FALSE) -> TRUE | R24: =IF(ISNUMBER(MATCH(G24,'ECHA candidate SVHC'!D:D,0)),TRUE,FALSE) -> FALSE | T24: =IF(ISNUMBER(MATCH(G24,'EQS WFD'!D:D,0)),TRUE,FALSE) -> FALSE | U24: =IF(ISNUMBER(MATCH(G24,'ECHA POP'!D:D,0)),TRUE,FALSE) -> FALSE | V24: =IF(ISNUMBER(MATCH(G24,'SoC_Ctgb 20181010'!C:C,0)),"TRUE","False") -> False
E25: Didecyldimonium Chloride | F25: Didecyldimonium Chloride | G25: 7173-51-5 | H25: 230-525-2 | L25: 0.32998 | M25: =IF(COUNTIF(P25:W25,TRUE)>0,TRUE,"Not Found") -> TRUE | N25: =IF(AND((COUNTIF(I25,"*H4*")),(COUNTIF($E$7,"*H4*"))),TRUE,FALSE) -> FALSE | O25: =VLOOKUP(G25,'ECHA biocidal AS'!C24:H1491,6,FALSE) -> false | P25: =IF(AND(O25="false",(ISNUMBER(MATCH(G25,'ECHA biocidal AS'!C:C,0)))),TRUE,FALSE) -> TRUE | R25: =IF(ISNUMBER(MATCH(G25,'ECHA candidate SVHC'!D:D,0)),TRUE,FALSE) -> FALSE | T25: =IF(ISNUMBER(MATCH(G25,'EQS WFD'!D:D,0)),TRUE,FALSE) -> FALSE | U25: =IF(ISNUMBER(MATCH(G25,'ECHA POP'!D:D,0)),TRUE,FALSE) -> FALSE | V25: =IF(ISNUMBER(MATCH(G25,'SoC_Ctgb 20181010'!C:C,0)),"TRUE","False") -> False
E26: Sodium Hydroxide | F26: sodium hydroxide | G26: 1310-73-2 | H26: 215-185-5 | L26: 0.00113 | M26: =IF(COUNTIF(P26:W26,TRUE)>0,TRUE,"Not Found") -> Not Found | N26: =IF(AND((COUNTIF(I26,"*H4*")),(COUNTIF($E$7,"*H4*"))),TRUE,FALSE) -> FALSE | O26: =VLOOKUP(G26,'ECHA biocidal AS'!C25:H1492,6,FALSE) -> #N/A | P26: =IF(AND(O26="false",(ISNUMBER(MATCH(G26,'ECHA biocidal AS'!C:C,0)))),TRUE,FALSE) -> #N/A | R26: =IF(ISNUMBER(MATCH(G26,'ECHA candidate SVHC'!D:D,0)),TRUE,FALSE) -> FALSE | T26: =IF(ISNUMBER(MATCH(G26,'EQS WFD'!D:D,0)),TRUE,FALSE) -> FALSE | U26: =IF(ISNUMBER(MATCH(G26,'ECHA POP'!D:D,0)),TRUE,FALSE) -> FALSE | V26: =IF(ISNUMBER(MATCH(G26,'SoC_Ctgb 20181010'!C:C,0)),"TRUE","False") -> False
E27: Sodium Citrate | F27: Sodium Citrate | G27: 68-04-2 | H27: 200-675-3 | L27: 0.01341 | M27: =IF(COUNTIF(P27:W27,TRUE)>0,TRUE,"Not Found") -> Not Found | N27: =IF(AND((COUNTIF(I27,"*H4*")),(COUNTIF($E$7,"*H4*"))),TRUE,FALSE) -> FALSE | O27: =VLOOKUP(G27,'ECHA biocidal AS'!C26:H1493,6,FALSE) -> #N/A | P27: =IF(AND(O27="false",(ISNUMBER(MATCH(G27,'ECHA biocidal AS'!C:C,0)))),TRUE,FALSE) -> #N/A | R27: =IF(ISNUMBER(MATCH(G27,'ECHA candidate SVHC'!D:D,0)),TRUE,FALSE) -> FALSE | T27: =IF(ISNUMBER(MATCH(G27,'EQS WFD'!D:D,0)),TRUE,FALSE) -> FALSE | U27: =IF(ISNUMBER(MATCH(G27,'ECHA POP'!D:D,0)),TRUE,FALSE) -> FALSE | V27: =IF(ISNUMBER(MATCH(G27,'SoC_Ctgb 20181010'!C:C,0)),"TRUE","False") -> False
E28: Citrate | F28: 1,2,3-Propanetricarboxylic acid, 2-hydroxy-, sodium salt (1:2) | G28: 144-33-2 | H28: 205-623-3 | L28: 0.00609 | M28: =IF(COUNTIF(P28:W28,TRUE)>0,TRUE,"Not Found") -> Not Found | N28: =IF(AND((COUNTIF(I28,"*H4*")),(COUNTIF($E$7,"*H4*"))),TRUE,FALSE) -> FALSE | O28: =VLOOKUP(G28,'ECHA biocidal AS'!C27:H1494,6,FALSE) -> #N/A | P28: =IF(AND(O28="false",(ISNUMBER(MATCH(G28,'ECHA biocidal AS'!C:C,0)))),TRUE,FALSE) -> #N/A | R28: =IF(ISNUMBER(MATCH(G28,'ECHA candidate SVHC'!D:D,0)),TRUE,FALSE) -> FALSE | T28: =IF(ISNUMBER(MATCH(G28,'EQS WFD'!D:D,0)),TRUE,FALSE) -> FALSE | U28: =IF(ISNUMBER(MATCH(G28,'ECHA POP'!D:D,0)),TRUE,FALSE) -> FALSE | V28: =IF(ISNUMBER(MATCH(G28,'SoC_Ctgb 20181010'!C:C,0)),"TRUE","False") -> False
E29: Polyethylene Glycol Allyl Methyl Diether | F29: Poly(oxy-1,2-ethanediyl), .alpha.-methyl-.omega.-(2-propen-1-yloxy)- (n=7.5) | G29: 27252-80-8 | L29: 0.02 | M29: =IF(COUNTIF(P29:W29,TRUE)>0,TRUE,"Not Found") -> Not Found | N29: =IF(AND((COUNTIF(I29,"*H4*")),(COUNTIF($E$7,"*H4*"))),TRUE,FALSE) -> FALSE | O29: =VLOOKUP(G29,'ECHA biocidal AS'!C28:H1495,6,FALSE) -> #N/A | P29: =IF(AND(O29="false",(ISNUMBER(MATCH(G29,'ECHA biocidal AS'!C:C,0)))),TRUE,FALSE) -> #N/A | R29: =IF(ISNUMBER(MATCH(G29,'ECHA candidate SVHC'!D:D,0)),TRUE,FALSE) -> FALSE | T29: =IF(ISNUMBER(MATCH(G29,'EQS WFD'!D:D,0)),TRUE,FALSE) -> FALSE | U29: =IF(ISNUMBER(MATCH(G29,'ECHA POP'!D:D,0)),TRUE,FALSE) -> FALSE | V29: =IF(ISNUMBER(MATCH(G29,'SoC_Ctgb 20181010'!C:C,0)),"TRUE","False") -> False
E30: Glycol | F30: ethane-1,2-diol | G30: 107-21-1 | H30: 203-473-3 | L30: 0.09429 | M30: =IF(COUNTIF(P30:W30,TRUE)>0,TRUE,"Not Found") -> Not Found | N30: =IF(AND((COUNTIF(I30,"*H4*")),(COUNTIF($E$7,"*H4*"))),TRUE,FALSE) -> FALSE | O30: =VLOOKUP(G30,'ECHA biocidal AS'!C29:H1496,6,FALSE) -> #N/A | P30: =IF(AND(O30="false",(ISNUMBER(MATCH(G30,'ECHA biocidal AS'!C:C,0)))),TRUE,FALSE) -> #N/A | R30: =IF(ISNUMBER(MATCH(G30,'ECHA candidate SVHC'!D:D,0)),TRUE,FALSE) -> FALSE | T30: =IF(ISNUMBER(MATCH(G30,'EQS WFD'!D:D,0)),TRUE,FALSE) -> FALSE | U30: =IF(ISNUMBER(MATCH(G30,'ECHA POP'!D:D,0)),TRUE,FALSE) -> FALSE | V30: =IF(ISNUMBER(MATCH(G30,'SoC_Ctgb 20181010'!C:C,0)),"TRUE","False") -> False
E31: Disodium maleate | F31: Disodium maleate | G31: 371-47-1 | H31: 206-738-1 | L31: 0.06703 | M31: =IF(COUNTIF(P31:W31,TRUE)>0,TRUE,"Not Found") -> Not Found | N31: =IF(AND((COUNTIF(I31,"*H4*")),(COUNTIF($E$7,"*H4*"))),TRUE,FALSE) -> FALSE | O31: =VLOOKUP(G31,'ECHA biocidal AS'!C30:H1497,6,FALSE) -> #N/A | P31: =IF(AND(O31="false",(ISNUMBER(MATCH(G31,'ECHA biocidal AS'!C:C,0)))),TRUE,FALSE) -> #N/A | R31: =IF(ISNUMBER(MATCH(G31,'ECHA candidate SVHC'!D:D,0)),TRUE,FALSE) -> FALSE | T31: =IF(ISNUMBER(MATCH(G31,'EQS WFD'!D:D,0)),TRUE,FALSE) -> FALSE | U31: =IF(ISNUMBER(MATCH(G31,'ECHA POP'!D:D,0)),TRUE,FALSE) -> FALSE | V31: =IF(ISNUMBER(MATCH(G31,'SoC_Ctgb 20181010'!C:C,0)),"TRUE","False") -> False
E32: Monosodium maleate | F32: 2-Butenedioic acid (2Z)-, sodium salt (1:1) | G32: 3105-55-3 | L32: 0.01355 | M32: =IF(COUNTIF(P32:W32,TRUE)>0,TRUE,"Not Found") -> Not Found | N32: =IF(AND((COUNTIF(I32,"*H4*")),(COUNTIF($E$7,"*H4*"))),TRUE,FALSE) -> FALSE | O32: =VLOOKUP(G32,'ECHA biocidal AS'!C31:H1498,6,FALSE) -> #N/A | P32: =IF(AND(O32="false",(ISNUMBER(MATCH(G32,'ECHA biocidal AS'!C:C,0)))),TRUE,FALSE) -> #N/A | R32: =IF(ISNUMBER(MATCH(G32,'ECHA candidate SVHC'!D:D,0)),TRUE,FALSE) -> FALSE | T32: =IF(ISNUMBER(MATCH(G32,'EQS WFD'!D:D,0)),TRUE,FALSE) -> FALSE | U32: =IF(ISNUMBER(MATCH(G32,'ECHA POP'!D:D,0)),TRUE,FALSE) -> FALSE | V32: =IF(ISNUMBER(MATCH(G32,'SoC_Ctgb 20181010'!C:C,0)),"TRUE","False") -> False
F33: WATERCRESS M2 FR AQUA NY 2013C | L33: 0.45 | M33: =IF(COUNTIF(P33:W33,TRUE)>0,TRUE,"Not Found") -> Not Found | N33: =IF(AND((COUNTIF(I33,"*H4*")),(COUNTIF($E$7,"*H4*"))),TRUE,FALSE) -> FALSE | O33: =VLOOKUP(G33,'ECHA biocidal AS'!C32:H1499,6,FALSE) -> #N/A | P33: =IF(AND(O33="false",(ISNUMBER(MATCH(G33,'ECHA biocidal AS'!C:C,0)))),TRUE,FALSE) -> #N/A | R33: =IF(ISNUMBER(MATCH(G33,'ECHA candidate SVHC'!D:D,0)),TRUE,FALSE) -> FALSE | T33: =IF(ISNUMBER(MATCH(G33,'EQS WFD'!D:D,0)),TRUE,FALSE) -> FALSE | U33: =IF(ISNUMBER(MATCH(G33,'ECHA POP'!D:D,0)),TRUE,FALSE) -> FALSE | V33: =IF(ISNUMBER(MATCH(G33,'SoC_Ctgb 20181010'!C:C,0)),"TRUE","False") -> False
B34: BP2 | E34: PEG-n Hydrogenated Castor Oil | F34: Ethoxylated hydrogenated castor oil | G34: 61788-85-0 | H34: 500-147-5 | L34: 0.2 | M34: =IF(COUNTIF(P34:W34,TRUE)>0,TRUE,"Not Found") -> Not Found | N34: =IF(AND((COUNTIF(I34,"*H4*")),(COUNTIF($E$7,"*H4*"))),TRUE,FALSE) -> FALSE | O34: =VLOOKUP(G34,'ECHA biocidal AS'!C33:H1500,6,FALSE) -> #N/A | P34: =IF(AND(O34="false",(ISNUMBER(MATCH(G34,'ECHA biocidal AS'!C:C,0)))),TRUE,FALSE) -> #N/A | R34: =IF(ISNUMBER(MATCH(G34,'ECHA candidate SVHC'!D:D,0)),TRUE,FALSE) -> FALSE | T34: =IF(ISNUMBER(MATCH(G34,'EQS WFD'!D:D,0)),TRUE,FALSE) -> FALSE | U34: =IF(ISNUMBER(MATCH(G34,'ECHA POP'!D:D,0)),TRUE,FALSE) -> FALSE | V34: =IF(ISNUMBER(MATCH(G34,'SoC_Ctgb 20181010'!C:C,0)),"TRUE","False") -> False
E35: PEG-n Methyl Ether Dimethicone | F35: PEG-8 Methyl ether dimethicone (MW>1,000) | G35: 68938-54-5 | L35: 0.08 | M35: =IF(COUNTIF(P35:W35,TRUE)>0,TRUE,"Not Found") -> Not Found | N35: =IF(AND((COUNTIF(I35,"*H4*")),(COUNTIF($E$7,"*H4*"))),TRUE,FALSE) -> FALSE | O35: =VLOOKUP(G35,'ECHA biocidal AS'!C34:H1501,6,FALSE) -> #N/A | P35: =IF(AND(O35="false",(ISNUMBER(MATCH(G35,'ECHA biocidal AS'!C:C,0)))),TRUE,FALSE) -> #N/A | R35: =IF(ISNUMBER(MATCH(G35,'ECHA candidate SVHC'!D:D,0)),TRUE,FALSE) -> FALSE | T35: =IF(ISNUMBER(MATCH(G35,'EQS WFD'!D:D,0)),TRUE,FALSE) -> FALSE | U35: =IF(ISNUMBER(MATCH(G35,'ECHA POP'!D:D,0)),TRUE,FALSE) -> FALSE | V35: =IF(ISNUMBER(MATCH(G35,'SoC_Ctgb 20181010'!C:C,0)),"TRUE","False") -> False
E36: Polyethylene Glycol Phenyl Ether | F36: Poly(oxy-1,2-ethanediyl), .alpha.-phenyl-.omega.-hydroxy- (EO=6) | G36: 9004-78-8 | L36: 1.5 | M36: =IF(COUNTIF(P36:W36,TRUE)>0,TRUE,"Not Found") -> Not Found | N36: =IF(AND((COUNTIF(I36,"*H4*")),(COUNTIF($E$7,"*H4*"))),TRUE,FALSE) -> FALSE | O36: =VLOOKUP(G36,'ECHA biocidal AS'!C35:H1502,6,FALSE) -> #N/A | P36: =IF(AND(O36="false",(ISNUMBER(MATCH(G36,'ECHA biocidal AS'!C:C,0)))),TRUE,FALSE) -> #N/A | R36: =IF(ISNUMBER(MATCH(G36,'ECHA candidate SVHC'!D:D,0)),TRUE,FALSE) -> FALSE | T36: =IF(ISNUMBER(MATCH(G36,'EQS WFD'!D:D,0)),TRUE,FALSE) -> FALSE | U36: =IF(ISNUMBER(MATCH(G36,'ECHA POP'!D:D,0)),TRUE,FALSE) -> FALSE | V36: =IF(ISNUMBER(MATCH(G36,'SoC_Ctgb 20181010'!C:C,0)),"TRUE","False") -> False
E37: Hydroxypropyl Cyclodextrin | F37: beta-Cyclodextrin, 2-Hydroxypropyl Ether | G37: 128446-35-5 | H37: 420-920-1 | L37: 0.25 | M37: =IF(COUNTIF(P37:W37,TRUE)>0,TRUE,"Not Found") -> Not Found | N37: =IF(AND((COUNTIF(I37,"*H4*")),(COUNTIF($E$7,"*H4*"))),TRUE,FALSE) -> FALSE | O37: =VLOOKUP(G37,'ECHA biocidal AS'!C36:H1503,6,FALSE) -> #N/A | P37: =IF(AND(O37="false",(ISNUMBER(MATCH(G37,'ECHA biocidal AS'!C:C,0)))),TRUE,FALSE) -> #N/A | R37: =IF(ISNUMBER(MATCH(G37,'ECHA candidate SVHC'!D:D,0)),TRUE,FALSE) -> FALSE | T37: =IF(ISNUMBER(MATCH(G37,'EQS WFD'!D:D,0)),TRUE,FALSE) -> FALSE | U37: =IF(ISNUMBER(MATCH(G37,'ECHA POP'!D:D,0)),TRUE,FALSE) -> FALSE | V37: =IF(ISNUMBER(MATCH(G37,'SoC_Ctgb 20181010'!C:C,0)),"TRUE","False") -> False
E38: Aqua | F38: water | G38: 7732-18-5 | H38: 231-791-2 | L38: 95.98484 | M38: =IF(COUNTIF(P38:W38,TRUE)>0,TRUE,"Not Found") -> Not Found | N38: =IF(AND((COUNTIF(I38,"*H4*")),(COUNTIF($E$7,"*H4*"))),TRUE,FALSE) -> FALSE | O38: =VLOOKUP(G38,'ECHA biocidal AS'!C37:H1504,6,FALSE) -> #N/A | P38: =IF(AND(O38="false",(ISNUMBER(MATCH(G38,'ECHA biocidal AS'!C:C,0)))),TRUE,FALSE) -> #N/A | R38: =IF(ISNUMBER(MATCH(G38,'ECHA candidate SVHC'!D:D,0)),TRUE,FALSE) -> FALSE | T38: =IF(ISNUMBER(MATCH(G38,'EQS WFD'!D:D,0)),TRUE,FALSE) -> FALSE | U38: =IF(ISNUMBER(MATCH(G38,'ECHA POP'!D:D,0)),TRUE,FALSE) -> FALSE
D39: Febreze Fabric Refresher 3CP AB Lolita Cupido Amiens Air Care | E39: Alcohol | F39: ethanol | G39: 64-17-5 | H39: 200-578-6 | L39: 0.98958 | M39: =IF(COUNTIF(P39:W39,TRUE)>0,TRUE,"Not Found") -> TRUE | N39: =IF(AND((COUNTIF(I39,"*H4*")),(COUNTIF($E$7,"*H4*"))),TRUE,FALSE) -> FALSE | O39: =VLOOKUP(G39,'ECHA biocidal AS'!C38:H1505,6,FALSE) -> false | P39: =IF(AND(O39="false",(ISNUMBER(MATCH(G39,'ECHA biocidal AS'!C:C,0)))),TRUE,FALSE) -> TRUE | R39: =IF(ISNUMBER(MATCH(G39,'ECHA candidate SVHC'!D:D,0)),TRUE,FALSE) -> FALSE | T39: =IF(ISNUMBER(MATCH(G39,'EQS WFD'!D:D,0)),TRUE,FALSE) -> FALSE | U39: =IF(ISNUMBER(MATCH(G39,'ECHA POP'!D:D,0)),TRUE,FALSE) -> FALSE
E40: Didecyldimonium Chloride | F40: Didecyldimonium Chloride | G40: 7173-51-5 | H40: 230-525-2 | L40: 0.32998 | M40: =IF(COUNTIF(P40:W40,TRUE)>0,TRUE,"Not Found") -> TRUE | N40: =IF(AND((COUNTIF(I40,"*H4*")),(COUNTIF($E$7,"*H4*"))),TRUE,FALSE) -> FALSE | O40: =VLOOKUP(G40,'ECHA biocidal AS'!C39:H1506,6,FALSE) -> false | P40: =IF(AND(O40="false",(ISNUMBER(MATCH(G40,'ECHA biocidal AS'!C:C,0)))),TRUE,FALSE) -> TRUE | R40: =IF(ISNUMBER(MATCH(G40,'ECHA candidate SVHC'!D:D,0)),TRUE,FALSE) -> FALSE | T40: =IF(ISNUMBER(MATCH(G40,'EQS WFD'!D:D,0)),TRUE,FALSE) -> FALSE | U40: =IF(ISNUMBER(MATCH(G40,'ECHA POP'!D:D,0)),TRUE,FALSE) -> FALSE
E41: Sodium Hydroxide | F41: sodium hydroxide | G41: 1310-73-2 | H41: 215-185-5 | L41: 0.00113 | M41: =IF(COUNTIF(P41:W41,TRUE)>0,TRUE,"Not Found") -> Not Found | N41: =IF(AND((COUNTIF(I41,"*H4*")),(COUNTIF($E$7,"*H4*"))),TRUE,FALSE) -> FALSE | O41: =VLOOKUP(G41,'ECHA biocidal AS'!C37:H1504,6,FALSE) -> #N/A | P41: =IF(AND(O41="false",(ISNUMBER(MATCH(G41,'ECHA biocidal AS'!C:C,0)))),TRUE,FALSE) -> #N/A | R41: =IF(ISNUMBER(MATCH(G41,'ECHA candidate SVHC'!D:D,0)),TRUE,FALSE) -> FALSE | T41: =IF(ISNUMBER(MATCH(G41,'EQS WFD'!D:D,0)),TRUE,FALSE) -> FALSE | U41: =IF(ISNUMBER(MATCH(G41,'ECHA POP'!D:D,0)),TRUE,FALSE) -> FALSE | V41: =IF(ISNUMBER(MATCH(G41,'SoC_Ctgb 20181010'!C:C,0)),"TRUE","False") -> False
E42: Sodium Citrate | F42: Sodium Citrate | G42: 68-04-2 | H42: 200-675-3 | L42: 0.01341 | M42: =IF(COUNTIF(P42:W42,TRUE)>0,TRUE,"Not Found") -> Not Found | N42: =IF(AND((COUNTIF(I42,"*H4*")),(COUNTIF($E$7,"*H4*"))),TRUE,FALSE) -> FALSE | O42: =VLOOKUP(G42,'ECHA biocidal AS'!C38:H1505,6,FALSE) -> #N/A | P42: =IF(AND(O42="false",(ISNUMBER(MATCH(G42,'ECHA biocidal AS'!C:C,0)))),TRUE,FALSE) -> #N/A | R42: =IF(ISNUMBER(MATCH(G42,'ECHA candidate SVHC'!D:D,0)),TRUE,FALSE) -> FALSE | T42: =IF(ISNUMBER(MATCH(G42,'EQS WFD'!D:D,0)),TRUE,FALSE) -> FALSE | U42: =IF(ISNUMBER(MATCH(G42,'ECHA POP'!D:D,0)),TRUE,FALSE) -> FALSE | V42: =IF(ISNUMBER(MATCH(G42,'SoC_Ctgb 20181010'!C:C,0)),"TRUE","False") -> False
E43: Citrate | F43: 1,2,3-Propanetricarboxylic acid, 2-hydroxy-, sodium salt (1:2) | G43: 144-33-2 | H43: 205-623-3 | L43: 0.00609 | M43: =IF(COUNTIF(P43:W43,TRUE)>0,TRUE,"Not Found") -> Not Found | N43: =IF(AND((COUNTIF(I43,"*H4*")),(COUNTIF($E$7,"*H4*"))),TRUE,FALSE) -> FALSE | O43: =VLOOKUP(G43,'ECHA biocidal AS'!C39:H1506,6,FALSE) -> #N/A | P43: =IF(AND(O43="false",(ISNUMBER(MATCH(G43,'ECHA biocidal AS'!C:C,0)))),TRUE,FALSE) -> #N/A | R43: =IF(ISNUMBER(MATCH(G43,'ECHA candidate SVHC'!D:D,0)),TRUE,FALSE) -> FALSE | T43: =IF(ISNUMBER(MATCH(G43,'EQS WFD'!D:D,0)),TRUE,FALSE) -> FALSE | U43: =IF(ISNUMBER(MATCH(G43,'ECHA POP'!D:D,0)),TRUE,FALSE) -> FALSE
E44: Polyethylene Glycol Allyl Methyl Diether | F44: Poly(oxy-1,2-ethanediyl), .alpha.-methyl-.omega.-(2-propen-1-yloxy)- (n=7.5) | G44: 27252-80-8 | L44: 0.02 | M44: =IF(COUNTIF(P44:W44,TRUE)>0,TRUE,"Not Found") -> Not Found | N44: =IF(AND((COUNTIF(I44,"*H4*")),(COUNTIF($E$7,"*H4*"))),TRUE,FALSE) -> FALSE | O44: =VLOOKUP(G44,'ECHA biocidal AS'!C40:H1507,6,FALSE) -> #N/A | P44: =IF(AND(O44="false",(ISNUMBER(MATCH(G44,'ECHA biocidal AS'!C:C,0)))),TRUE,FALSE) -> #N/A | R44: =IF(ISNUMBER(MATCH(G44,'ECHA candidate SVHC'!D:D,0)),TRUE,FALSE) -> FALSE | T44: =IF(ISNUMBER(MATCH(G44,'EQS WFD'!D:D,0)),TRUE,FALSE) -> FALSE | U44: =IF(ISNUMBER(MATCH(G44,'ECHA POP'!D:D,0)),TRUE,FALSE) -> FALSE
E45: Glycol | F45: ethane-1,2-diol | G45: 107-21-1 | H45: 203-473-3 | L45: 0.09429 | M45: =IF(COUNTIF(P45:W45,TRUE)>0,TRUE,"Not Found") -> Not Found | N45: =IF(AND((COUNTIF(I45,"*H4*")),(COUNTIF($E$7,"*H4*"))),TRUE,FALSE) -> FALSE | O45: =VLOOKUP(G45,'ECHA biocidal AS'!C41:H1508,6,FALSE) -> #N/A | P45: =IF(AND(O45="false",(ISNUMBER(MATCH(G45,'ECHA biocidal AS'!C:C,0)))),TRUE,FALSE) -> #N/A | R45: =IF(ISNUMBER(MATCH(G45,'ECHA candidate SVHC'!D:D,0)),TRUE,FALSE) -> FALSE | T45: =IF(ISNUMBER(MATCH(G45,'EQS WFD'!D:D,0)),TRUE,FALSE) -> FALSE | U45: =IF(ISNUMBER(MATCH(G45,'ECHA POP'!D:D,0)),TRUE,FALSE) -> FALSE
E46: Disodium maleate | F46: Disodium maleate | G46: 371-47-1 | H46: 206-738-1 | L46: 0.06703 | M46: =IF(COUNTIF(P46:W46,TRUE)>0,TRUE,"Not Found") -> Not Found | N46: =IF(AND((COUNTIF(I46,"*H4*")),(COUNTIF($E$7,"*H4*"))),TRUE,FALSE) -> FALSE | O46: =VLOOKUP(G46,'ECHA biocidal AS'!C42:H1509,6,FALSE) -> #N/A | P46: =IF(AND(O46="false",(ISNUMBER(MATCH(G46,'ECHA biocidal AS'!C:C,0)))),TRUE,FALSE) -> #N/A | R46: =IF(ISNUMBER(MATCH(G46,'ECHA candidate SVHC'!D:D,0)),TRUE,FALSE) -> FALSE | T46: =IF(ISNUMBER(MATCH(G46,'EQS WFD'!D:D,0)),TRUE,FALSE) -> FALSE | U46: =IF(ISNUMBER(MATCH(G46,'ECHA POP'!D:D,0)),TRUE,FALSE) -> FALSE
E47: Monosodium maleate | F47: 2-Butenedioic acid (2Z)-, sodium salt (1:1) | G47: 3105-55-3 | L47: 0.01355 | M47: =IF(COUNTIF(P47:W47,TRUE)>0,TRUE,"Not Found") -> Not Found | N47: =IF(AND((COUNTIF(I47,"*H4*")),(COUNTIF($E$7,"*H4*"))),TRUE,FALSE) -> FALSE | O47: =VLOOKUP(G47,'ECHA biocidal AS'!C43:H1510,6,FALSE) -> #N/A | P47: =IF(AND(O47="false",(ISNUMBER(MATCH(G47,'ECHA biocidal AS'!C:C,0)))),TRUE,FALSE) -> #N/A | R47: =IF(ISNUMBER(MATCH(G47,'ECHA candidate SVHC'!D:D,0)),TRUE,FALSE) -> FALSE | T47: =IF(ISNUMBER(MATCH(G47,'EQS WFD'!D:D,0)),TRUE,FALSE) -> FALSE | U47: =IF(ISNUMBER(MATCH(G47,'ECHA POP'!D:D,0)),TRUE,FALSE) -> FALSE
F48: Lolita FR Heart 2014C 5469951 | L48: 0.06 | M48: =IF(COUNTIF(P48:W48,TRUE)>0,TRUE,"Not Found") -> Not Found | N48: =IF(AND((COUNTIF(I48,"*H4*")),(COUNTIF($E$7,"*H4*"))),TRUE,FALSE) -> FALSE | O48: =VLOOKUP(G48,'ECHA biocidal AS'!C44:H1511,6,FALSE) -> #N/A | P48: =IF(AND(O48="false",(ISNUMBER(MATCH(G48,'ECHA biocidal AS'!C:C,0)))),TRUE,FALSE) -> #N/A | R48: =IF(ISNUMBER(MATCH(G48,'ECHA candidate SVHC'!D:D,0)),TRUE,FALSE) -> FALSE | T48: =IF(ISNUMBER(MATCH(G48,'EQS WFD'!D:D,0)),TRUE,FALSE) -> FALSE | U48: =IF(ISNUMBER(MATCH(G48,'ECHA POP'!D:D,0)),TRUE,FALSE) -> FALSE
F49: Halosolve-D 463478 | L49: 0.021 | M49: =IF(COUNTIF(P49:W49,TRUE)>0,TRUE,"Not Found") -> Not Found | N49: =IF(AND((COUNTIF(I49,"*H4*")),(COUNTIF($E$7,"*H4*"))),TRUE,FALSE) -> FALSE | O49: =VLOOKUP(G49,'ECHA biocidal AS'!C45:H1512,6,FALSE) -> #N/A | P49: =IF(AND(O49="false",(ISNUMBER(MATCH(G49,'ECHA biocidal AS'!C:C,0)))),TRUE,FALSE) -> #N/A | R49: =IF(ISNUMBER(MATCH(G49,'ECHA candidate SVHC'!D:D,0)),TRUE,FALSE) -> FALSE | T49: =IF(ISNUMBER(MATCH(G49,'EQS WFD'!D:D,0)),TRUE,FALSE) -> FALSE | U49: =IF(ISNUMBER(MATCH(G49,'ECHA POP'!D:D,0)),TRUE,FALSE) -> FALSE
E50: PEG-n Hydrogenated Castor Oil | F50: Ethoxylated hydrogenated castor oil | G50: 61788-85-0 | H50: 500-147-5 | L50: 0.2 | M50: =IF(COUNTIF(P50:W50,TRUE)>0,TRUE,"Not Found") -> Not Found | N50: =IF(AND((COUNTIF(I50,"*H4*")),(COUNTIF($E$7,"*H4*"))),TRUE,FALSE) -> FALSE | O50: =VLOOKUP(G50,'ECHA biocidal AS'!C46:H1513,6,FALSE) -> #N/A | P50: =IF(AND(O50="false",(ISNUMBER(MATCH(G50,'ECHA biocidal AS'!C:C,0)))),TRUE,FALSE) -> #N/A | R50: =IF(ISNUMBER(MATCH(G50,'ECHA candidate SVHC'!D:D,0)),TRUE,FALSE) -> FALSE | T50: =IF(ISNUMBER(MATCH(G50,'EQS WFD'!D:D,0)),TRUE,FALSE) -> FALSE | U50: =IF(ISNUMBER(MATCH(G50,'ECHA POP'!D:D,0)),TRUE,FALSE) -> FALSE
E51: PEG-n Methyl Ether Dimethicone | F51: PEG-8 Methyl ether dimethicone (MW>1,000) | G51: 68938-54-5 | L51: 0.08 | M51: =IF(COUNTIF(P51:W51,TRUE)>0,TRUE,"Not Found") -> Not Found | N51: =IF(AND((COUNTIF(I51,"*H4*")),(COUNTIF($E$7,"*H4*"))),TRUE,FALSE) -> FALSE | O51: =VLOOKUP(G51,'ECHA biocidal AS'!C47:H1514,6,FALSE) -> #N/A | P51: =IF(AND(O51="false",(ISNUMBER(MATCH(G51,'ECHA biocidal AS'!C:C,0)))),TRUE,FALSE) -> #N/A | R51: =IF(ISNUMBER(MATCH(G51,'ECHA candidate SVHC'!D:D,0)),TRUE,FALSE) -> FALSE | T51: =IF(ISNUMBER(MATCH(G51,'EQS WFD'!D:D,0)),TRUE,FALSE) -> FALSE | U51: =IF(ISNUMBER(MATCH(G51,'ECHA POP'!D:D,0)),TRUE,FALSE) -> FALSE
E52: Polyethylene Glycol Phenyl Ether | F52: Poly(oxy-1,2-ethanediyl), .alpha.-phenyl-.omega.-hydroxy- (EO=6) | G52: 9004-78-8 | L52: 1.5 | M52: =IF(COUNTIF(P52:W52,TRUE)>0,TRUE,"Not Found") -> Not Found | N52: =IF(AND((COUNTIF(I52,"*H4*")),(COUNTIF($E$7,"*H4*"))),TRUE,FALSE) -> FALSE | O52: =VLOOKUP(G52,'ECHA biocidal AS'!C48:H1515,6,FALSE) -> #N/A | P52: =IF(AND(O52="false",(ISNUMBER(MATCH(G52,'ECHA biocidal AS'!C:C,0)))),TRUE,FALSE) -> #N/A | R52: =IF(ISNUMBER(MATCH(G52,'ECHA candidate SVHC'!D:D,0)),TRUE,FALSE) -> FALSE | T52: =IF(ISNUMBER(MATCH(G52,'EQS WFD'!D:D,0)),TRUE,FALSE) -> FALSE | U52: =IF(ISNUMBER(MATCH(G52,'ECHA POP'!D:D,0)),TRUE,FALSE) -> FALSE
E53: Hydroxypropyl Cyclodextrin | F53: beta-Cyclodextrin, 2-Hydroxypropyl Ether | G53: 128446-35-5 | H53: 420-920-1 | L53: 0.25 | M53: =IF(COUNTIF(P53:W53,TRUE)>0,TRUE,"Not Found") -> Not Found | N53: =IF(AND((COUNTIF(I53,"*H4*")),(COUNTIF($E$7,"*H4*"))),TRUE,FALSE) -> FALSE | O53: =VLOOKUP(G53,'ECHA biocidal AS'!C49:H1516,6,FALSE) -> #N/A | P53: =IF(AND(O53="false",(ISNUMBER(MATCH(G53,'ECHA biocidal AS'!C:C,0)))),TRUE,FALSE) -> #N/A | R53: =IF(ISNUMBER(MATCH(G53,'ECHA candidate SVHC'!D:D,0)),TRUE,FALSE) -> FALSE | T53: =IF(ISNUMBER(MATCH(G53,'EQS WFD'!D:D,0)),TRUE,FALSE) -> FALSE | U53: =IF(ISNUMBER(MATCH(G53,'ECHA POP'!D:D,0)),TRUE,FALSE) -> FALSE
E54: Aqua | F54: water | G54: 7732-18-5 | H54: 231-791-2 | L54: 96.35384 | M54: =IF(COUNTIF(P54:W54,TRUE)>0,TRUE,"Not Found") -> Not Found | N54: =IF(AND((COUNTIF(I54,"*H4*")),(COUNTIF($E$7,"*H4*"))),TRUE,FALSE) -> FALSE | O54: =VLOOKUP(G54,'ECHA biocidal AS'!C50:H1517,6,FALSE) -> #N/A | P54: =IF(AND(O54="false",(ISNUMBER(MATCH(G54,'ECHA biocidal AS'!C:C,0)))),TRUE,FALSE) -> #N/A | R54: =IF(ISNUMBER(MATCH(G54,'ECHA candidate SVHC'!D:D,0)),TRUE,FALSE) -> FALSE | T54: =IF(ISNUMBER(MATCH(G54,'EQS WFD'!D:D,0)),TRUE,FALSE) -> FALSE | U54: =IF(ISNUMBER(MATCH(G54,'ECHA POP'!D:D,0)),TRUE,FALSE) -> FALSE
D55: Febreze Fabric Refresher 3CP AB Tuberose Cupido Amiens Air Care | E55: Alcohol | F55: ethanol | G55: 64-17-5 | H55: 200-578-6 | L55: 0.98958 | M55: =IF(COUNTIF(P55:W55,TRUE)>0,TRUE,"Not Found") -> TRUE | N55: =IF(AND((COUNTIF(I55,"*H4*")),(COUNTIF($E$7,"*H4*"))),TRUE,FALSE) -> FALSE | O55: =VLOOKUP(G55,'ECHA biocidal AS'!C51:H1518,6,FALSE) -> false | P55: =IF(AND(O55="false",(ISNUMBER(MATCH(G55,'ECHA biocidal AS'!C:C,0)))),TRUE,FALSE) -> TRUE | R55: =IF(ISNUMBER(MATCH(G55,'ECHA candidate SVHC'!D:D,0)),TRUE,FALSE) -> FALSE | T55: =IF(ISNUMBER(MATCH(G55,'EQS WFD'!D:D,0)),TRUE,FALSE) -> FALSE | U55: =IF(ISNUMBER(MATCH(G55,'ECHA POP'!D:D,0)),TRUE,FALSE) -> FALSE
E56: Didecyldimonium Chloride | F56: Didecyldimonium Chloride | G56: 7173-51-5 | H56: 230-525-2 | L56: 0.32998 | M56: =IF(COUNTIF(P56:W56,TRUE)>0,TRUE,"Not Found") -> TRUE | N56: =IF(AND((COUNTIF(I56,"*H4*")),(COUNTIF($E$7,"*H4*"))),TRUE,FALSE) -> FALSE | O56: =VLOOKUP(G56,'ECHA biocidal AS'!C52:H1519,6,FALSE) -> false | P56: =IF(AND(O56="false",(ISNUMBER(MATCH(G56,'ECHA biocidal AS'!C:C,0)))),TRUE,FALSE) -> TRUE | R56: =IF(ISNUMBER(MATCH(G56,'ECHA candidate SVHC'!D:D,0)),TRUE,FALSE) -> FALSE | T56: =IF(ISNUMBER(MATCH(G56,'EQS WFD'!D:D,0)),TRUE,FALSE) -> FALSE | U56: =IF(ISNUMBER(MATCH(G56,'ECHA POP'!D:D,0)),TRUE,FALSE) -> FALSE
E57: Sodium Hydroxide | F57: sodium hydroxide | G57: 1310-73-2 | H57: 215-185-5 | L57: 0.00113 | M57: =IF(COUNTIF(P57:W57,TRUE)>0,TRUE,"Not Found") -> Not Found | N57: =IF(AND((COUNTIF(I57,"*H4*")),(COUNTIF($E$7,"*H4*"))),TRUE,FALSE) -> FALSE | O57: =VLOOKUP(G57,'ECHA biocidal AS'!C53:H1520,6,FALSE) -> #N/A | P57: =IF(AND(O57="false",(ISNUMBER(MATCH(G57,'ECHA biocidal AS'!C:C,0)))),TRUE,FALSE) -> #N/A | R57: =IF(ISNUMBER(MATCH(G57,'ECHA candidate SVHC'!D:D,0)),TRUE,FALSE) -> FALSE | T57: =IF(ISNUMBER(MATCH(G57,'EQS WFD'!D:D,0)),TRUE,FALSE) -> FALSE | U57: =IF(ISNUMBER(MATCH(G57,'ECHA POP'!D:D,0)),TRUE,FALSE) -> FALSE
E58: Sodium Citrate | F58: Sodium Citrate | G58: 68-04-2 | H58: 200-675-3 | I58: H410 | L58: 0.01341 | M58: =IF(COUNTIF(P58:W58,TRUE)>0,TRUE,"Not Found") -> Not Found | N58: =IF(AND((COUNTIF(I58,"*H4*")),(COUNTIF($E$7,"*H4*"))),TRUE,FALSE) -> FALSE | O58: =VLOOKUP(G58,'ECHA biocidal AS'!C54:H1521,6,FALSE) -> #N/A | P58: =IF(AND(O58="false",(ISNUMBER(MATCH(G58,'ECHA biocidal AS'!C:C,0)))),TRUE,FALSE) -> #N/A | R58: =IF(ISNUMBER(MATCH(G58,'ECHA candidate SVHC'!D:D,0)),TRUE,FALSE) -> FALSE | T58: =IF(ISNUMBER(MATCH(G58,'EQS WFD'!D:D,0)),TRUE,FALSE) -> FALSE | U58: =IF(ISNUMBER(MATCH(G58,'ECHA POP'!D:D,0)),TRUE,FALSE) -> FALSE
E59: Citrate | F59: 1,2,3-Propanetricarboxylic acid, 2-hydroxy-, sodium salt (1:2) | G59: 144-33-2 | H59: 205-623-3 | L59: 0.00609 | M59: =IF(COUNTIF(P59:W59,TRUE)>0,TRUE,"Not Found") -> Not Found | N59: =IF(AND((COUNTIF(I59,"*H4*")),(COUNTIF($E$7,"*H4*"))),TRUE,FALSE) -> FALSE | O59: =VLOOKUP(G59,'ECHA biocidal AS'!C55:H1522,6,FALSE) -> #N/A | P59: =IF(AND(O59="false",(ISNUMBER(MATCH(G59,'ECHA biocidal AS'!C:C,0)))),TRUE,FALSE) -> #N/A | R59: =IF(ISNUMBER(MATCH(G59,'ECHA candidate SVHC'!D:D,0)),TRUE,FALSE) -> FALSE | T59: =IF(ISNUMBER(MATCH(G59,'EQS WFD'!D:D,0)),TRUE,FALSE) -> FALSE | U59: =IF(ISNUMBER(MATCH(G59,'ECHA POP'!D:D,0)),TRUE,FALSE) -> FALSE
E60: Polyethylene Glycol Allyl Methyl Diether | F60: Poly(oxy-1,2-ethanediyl), .alpha.-methyl-.omega.-(2-propen-1-yloxy)- (n=7.5) | G60: 27252-80-8 | L60: 0.02 | M60: =IF(COUNTIF(P60:W60,TRUE)>0,TRUE,"Not Found") -> Not Found | N60: =IF(AND((COUNTIF(I60,"*H4*")),(COUNTIF($E$7,"*H4*"))),TRUE,FALSE) -> FALSE | O60: =VLOOKUP(G60,'ECHA biocidal AS'!C56:H1523,6,FALSE) -> #N/A | P60: =IF(AND(O60="false",(ISNUMBER(MATCH(G60,'ECHA biocidal AS'!C:C,0)))),TRUE,FALSE) -> #N/A | R60: =IF(ISNUMBER(MATCH(G60,'ECHA candidate SVHC'!D:D,0)),TRUE,FALSE) -> FALSE | T60: =IF(ISNUMBER(MATCH(G60,'EQS WFD'!D:D,0)),TRUE,FALSE) -> FALSE | U60: =IF(ISNUMBER(MATCH(G60,'ECHA POP'!D:D,0)),TRUE,FALSE) -> FALSE
E61: Glycol | F61: ethane-1,2-diol | G61: 107-21-1 | H61: 203-473-3 | L61: 0.09429 | M61: =IF(COUNTIF(P61:W61,TRUE)>0,TRUE,"Not Found") -> Not Found | N61: =IF(AND((COUNTIF(I61,"*H4*")),(COUNTIF($E$7,"*H4*"))),TRUE,FALSE) -> FALSE | O61: =VLOOKUP(G61,'ECHA biocidal AS'!C57:H1524,6,FALSE) -> #N/A | P61: =IF(AND(O61="false",(ISNUMBER(MATCH(G61,'ECHA biocidal AS'!C:C,0)))),TRUE,FALSE) -> #N/A | R61: =IF(ISNUMBER(MATCH(G61,'ECHA candidate SVHC'!D:D,0)),TRUE,FALSE) -> FALSE | T61: =IF(ISNUMBER(MATCH(G61,'EQS WFD'!D:D,0)),TRUE,FALSE) -> FALSE | U61: =IF(ISNUMBER(MATCH(G61,'ECHA POP'!D:D,0)),TRUE,FALSE) -> FALSE
E62: Disodium maleate | F62: Disodium maleate | G62: 371-47-1 | H62: 206-738-1 | L62: 0.06703 | M62: =IF(COUNTIF(P62:W62,TRUE)>0,TRUE,"Not Found") -> Not Found | N62: =IF(AND((COUNTIF(I62,"*H4*")),(COUNTIF($E$7,"*H4*"))),TRUE,FALSE) -> FALSE | O62: =VLOOKUP(G62,'ECHA biocidal AS'!C58:H1525,6,FALSE) -> #N/A | P62: =IF(AND(O62="false",(ISNUMBER(MATCH(G62,'ECHA biocidal AS'!C:C,0)))),TRUE,FALSE) -> #N/A | R62: =IF(ISNUMBER(MATCH(G62,'ECHA candidate SVHC'!D:D,0)),TRUE,FALSE) -> FALSE | T62: =IF(ISNUMBER(MATCH(G62,'EQS WFD'!D:D,0)),TRUE,FALSE) -> FALSE | U62: =IF(ISNUMBER(MATCH(G62,'ECHA POP'!D:D,0)),TRUE,FALSE) -> FALSE
E63: Monosodium maleate | F63: 2-Butenedioic acid (2Z)-, sodium salt (1:1) | G63: 3105-55-3 | L63: 0.01355 | M63: =IF(COUNTIF(P63:W63,TRUE)>0,TRUE,"Not Found") -> Not Found | N63: =IF(AND((COUNTIF(I63,"*H4*")),(COUNTIF($E$7,"*H4*"))),TRUE,FALSE) -> FALSE | O63: =VLOOKUP(G63,'ECHA biocidal AS'!C59:H1526,6,FALSE) -> #N/A | P63: =IF(AND(O63="false",(ISNUMBER(MATCH(G63,'ECHA biocidal AS'!C:C,0)))),TRUE,FALSE) -> #N/A | R63: =IF(ISNUMBER(MATCH(G63,'ECHA candidate SVHC'!D:D,0)),TRUE,FALSE) -> FALSE | T63: =IF(ISNUMBER(MATCH(G63,'EQS WFD'!D:D,0)),TRUE,FALSE) -> FALSE | U63: =IF(ISNUMBER(MATCH(G63,'ECHA POP'!D:D,0)),TRUE,FALSE) -> FALSE
F64: Halosolve-D 463478 | L64: 0.021 | M64: =IF(COUNTIF(P64:W64,TRUE)>0,TRUE,"Not Found") -> Not Found | N64: =IF(AND((COUNTIF(I64,"*H4*")),(COUNTIF($E$7,"*H4*"))),TRUE,FALSE) -> FALSE | O64: =VLOOKUP(G64,'ECHA biocidal AS'!C60:H1527,6,FALSE) -> #N/A | P64: =IF(AND(O64="false",(ISNUMBER(MATCH(G64,'ECHA biocidal AS'!C:C,0)))),TRUE,FALSE) -> #N/A | R64: =IF(ISNUMBER(MATCH(G64,'ECHA candidate SVHC'!D:D,0)),TRUE,FALSE) -> FALSE | T64: =IF(ISNUMBER(MATCH(G64,'EQS WFD'!D:D,0)),TRUE,FALSE) -> FALSE | U64: =IF(ISNUMBER(MATCH(G64,'ECHA POP'!D:D,0)),TRUE,FALSE) -> FALSE
F65: Tuberose Petals FR M3 CLP 2015C 5531898 | L65: 0.04 | M65: =IF(COUNTIF(P65:W65,TRUE)>0,TRUE,"Not Found") -> Not Found | N65: =IF(AND((COUNTIF(I65,"*H4*")),(COUNTIF($E$7,"*H4*"))),TRUE,FALSE) -> FALSE | O65: =VLOOKUP(G65,'ECHA biocidal AS'!C61:H1528,6,FALSE) -> #N/A | P65: =IF(AND(O65="false",(ISNUMBER(MATCH(G65,'ECHA biocidal AS'!C:C,0)))),TRUE,FALSE) -> #N/A | R65: =IF(ISNUMBER(MATCH(G65,'ECHA candidate SVHC'!D:D,0)),TRUE,FALSE) -> FALSE | T65: =IF(ISNUMBER(MATCH(G65,'EQS WFD'!D:D,0)),TRUE,FALSE) -> FALSE | U65: =IF(ISNUMBER(MATCH(G65,'ECHA POP'!D:D,0)),TRUE,FALSE) -> FALSE
E66: PEG-n Hydrogenated Castor Oil | F66: Ethoxylated hydrogenated castor oil | G66: 61788-85-0 | H66: 500-147-5 | L66: 0.3 | M66: =IF(COUNTIF(P66:W66,TRUE)>0,TRUE,"Not Found") -> Not Found | N66: =IF(AND((COUNTIF(I66,"*H4*")),(COUNTIF($E$7,"*H4*"))),TRUE,FALSE) -> FALSE | O66: =VLOOKUP(G66,'ECHA biocidal AS'!C62:H1529,6,FALSE) -> #N/A | P66: =IF(AND(O66="false",(ISNUMBER(MATCH(G66,'ECHA biocidal AS'!C:C,0)))),TRUE,FALSE) -> #N/A | R66: =IF(ISNUMBER(MATCH(G66,'ECHA candidate SVHC'!D:D,0)),TRUE,FALSE) -> FALSE | T66: =IF(ISNUMBER(MATCH(G66,'EQS WFD'!D:D,0)),TRUE,FALSE) -> FALSE | U66: =IF(ISNUMBER(MATCH(G66,'ECHA POP'!D:D,0)),TRUE,FALSE) -> FALSE
E67: PEG-n Methyl Ether Dimethicone | F67: PEG-8 Methyl ether dimethicone (MW>1,000) | G67: 68938-54-5 | L67: 0.08 | M67: =IF(COUNTIF(P67:W67,TRUE)>0,TRUE,"Not Found") -> Not Found | N67: =IF(AND((COUNTIF(I67,"*H4*")),(COUNTIF($E$7,"*H4*"))),TRUE,FALSE) -> FALSE | O67: =VLOOKUP(G67,'ECHA biocidal AS'!C63:H1530,6,FALSE) -> #N/A | P67: =IF(AND(O67="false",(ISNUMBER(MATCH(G67,'ECHA biocidal AS'!C:C,0)))),TRUE,FALSE) -> #N/A | R67: =IF(ISNUMBER(MATCH(G67,'ECHA candidate SVHC'!D:D,0)),TRUE,FALSE) -> FALSE | T67: =IF(ISNUMBER(MATCH(G67,'EQS WFD'!D:D,0)),TRUE,FALSE) -> FALSE | U67: =IF(ISNUMBER(MATCH(G67,'ECHA POP'!D:D,0)),TRUE,FALSE) -> FALSE
E68: Polyethylene Glycol Phenyl Ether | F68: Poly(oxy-1,2-ethanediyl), .alpha.-phenyl-.omega.-hydroxy- (EO=6) | G68: 9004-78-8 | L68: 1.5 | M68: =IF(COUNTIF(P68:W68,TRUE)>0,TRUE,"Not Found") -> Not Found | N68: =IF(AND((COUNTIF(I68,"*H4*")),(COUNTIF($E$7,"*H4*"))),TRUE,FALSE) -> FALSE | O68: =VLOOKUP(G68,'ECHA biocidal AS'!C64:H1531,6,FALSE) -> #N/A | P68: =IF(AND(O68="false",(ISNUMBER(MATCH(G68,'ECHA biocidal AS'!C:C,0)))),TRUE,FALSE) -> #N/A | R68: =IF(ISNUMBER(MATCH(G68,'ECHA candidate SVHC'!D:D,0)),TRUE,FALSE) -> FALSE | T68: =IF(ISNUMBER(MATCH(G68,'EQS WFD'!D:D,0)),TRUE,FALSE) -> FALSE | U68: =IF(ISNUMBER(MATCH(G68,'ECHA POP'!D:D,0)),TRUE,FALSE) -> FALSE
E69: Hydroxypropyl Cyclodextrin | F69: beta-Cyclodextrin, 2-Hydroxypropyl Ether | G69: 128446-35-5 | H69: 420-920-1 | L69: 0.25 | M69: =IF(COUNTIF(P69:W69,TRUE)>0,TRUE,"Not Found") -> Not Found | N69: =IF(AND((COUNTIF(I69,"*H4*")),(COUNTIF($E$7,"*H4*"))),TRUE,FALSE) -> FALSE | O69: =VLOOKUP(G69,'ECHA biocidal AS'!C65:H1532,6,FALSE) -> #N/A | P69: =IF(AND(O69="false",(ISNUMBER(MATCH(G69,'ECHA biocidal AS'!C:C,0)))),TRUE,FALSE) -> #N/A | R69: =IF(ISNUMBER(MATCH(G69,'ECHA candidate SVHC'!D:D,0)),TRUE,FALSE) -> FALSE | T69: =IF(ISNUMBER(MATCH(G69,'EQS WFD'!D:D,0)),TRUE,FALSE) -> FALSE | U69: =IF(ISNUMBER(MATCH(G69,'ECHA POP'!D:D,0)),TRUE,FALSE) -> FALSE
E70: Aqua | F70: water | G70: 7732-18-5 | H70: 231-791-2 | L70: 96.27384 | M70: =IF(COUNTIF(P70:W70,TRUE)>0,TRUE,"Not Found") -> Not Found | N70: =IF(AND((COUNTIF(I70,"*H4*")),(COUNTIF($E$7,"*H4*"))),TRUE,FALSE) -> FALSE | O70: =VLOOKUP(G70,'ECHA biocidal AS'!C66:H1533,6,FALSE) -> #N/A | P70: =IF(AND(O70="false",(ISNUMBER(MATCH(G70,'ECHA biocidal AS'!C:C,0)))),TRUE,FALSE) -> #N/A | R70: =IF(ISNUMBER(MATCH(G70,'ECHA candidate SVHC'!D:D,0)),TRUE,FALSE) -> FALSE | T70: =IF(ISNUMBER(MATCH(G70,'EQS WFD'!D:D,0)),TRUE,FALSE) -> FALSE | U70: =IF(ISNUMBER(MATCH(G70,'ECHA POP'!D:D,0)),TRUE,FALSE) -> FALSE
D71: Febreze Fabric Refresher 3CP AB Young Tea Cupido Amiens Air Care | E71: Alcohol | F71: ethanol | G71: 64-17-5 | H71: 200-578-6 | L71: 0.98958 | M71: =IF(COUNTIF(P71:W71,TRUE)>0,TRUE,"Not Found") -> TRUE | N71: =IF(AND((COUNTIF(I71,"*H4*")),(COUNTIF($E$7,"*H4*"))),TRUE,FALSE) -> FALSE | O71: =VLOOKUP(G71,'ECHA biocidal AS'!C67:H1534,6,FALSE) -> false | P71: =IF(AND(O71="false",(ISNUMBER(MATCH(G71,'ECHA biocidal AS'!C:C,0)))),TRUE,FALSE) -> TRUE | R71: =IF(ISNUMBER(MATCH(G71,'ECHA candidate SVHC'!D:D,0)),TRUE,FALSE) -> FALSE | T71: =IF(ISNUMBER(MATCH(G71,'EQS WFD'!D:D,0)),TRUE,FALSE) -> FALSE | U71: =IF(ISNUMBER(MATCH(G71,'ECHA POP'!D:D,0)),TRUE,FALSE) -> FALSE
E72: Didecyldimonium Chloride | F72: Didecyldimonium Chloride | G72: 7173-51-5 | H72: 230-525-2 | L72: 0.32998 | M72: =IF(COUNTIF(P72:W72,TRUE)>0,TRUE,"Not Found") -> TRUE | N72: =IF(AND((COUNTIF(I72,"*H4*")),(COUNTIF($E$7,"*H4*"))),TRUE,FALSE) -> FALSE | O72: =VLOOKUP(G72,'ECHA biocidal AS'!C68:H1535,6,FALSE) -> false | P72: =IF(AND(O72="false",(ISNUMBER(MATCH(G72,'ECHA biocidal AS'!C:C,0)))),TRUE,FALSE) -> TRUE | R72: =IF(ISNUMBER(MATCH(G72,'ECHA candidate SVHC'!D:D,0)),TRUE,FALSE) -> FALSE | T72: =IF(ISNUMBER(MATCH(G72,'EQS WFD'!D:D,0)),TRUE,FALSE) -> FALSE | U72: =IF(ISNUMBER(MATCH(G72,'ECHA POP'!D:D,0)),TRUE,FALSE) -> FALSE
E73: Sodium Hydroxide | F73: sodium hydroxide | G73: 1310-73-2 | H73: 215-185-5 | L73: 0.00113 | M73: =IF(COUNTIF(P73:W73,TRUE)>0,TRUE,"Not Found") -> Not Found | N73: =IF(AND((COUNTIF(I73,"*H4*")),(COUNTIF($E$7,"*H4*"))),TRUE,FALSE) -> FALSE | O73: =VLOOKUP(G73,'ECHA biocidal AS'!C69:H1536,6,FALSE) -> #N/A | P73: =IF(AND(O73="false",(ISNUMBER(MATCH(G73,'ECHA biocidal AS'!C:C,0)))),TRUE,FALSE) -> #N/A | R73: =IF(ISNUMBER(MATCH(G73,'ECHA candidate SVHC'!D:D,0)),TRUE,FALSE) -> FALSE | T73: =IF(ISNUMBER(MATCH(G73,'EQS WFD'!D:D,0)),TRUE,FALSE) -> FALSE | U73: =IF(ISNUMBER(MATCH(G73,'ECHA POP'!D:D,0)),TRUE,FALSE) -> FALSE
E74: Sodium Citrate | F74: Sodium Citrate | G74: 68-04-2 | H74: 200-675-3 | L74: 0.01341 | M74: =IF(COUNTIF(P74:W74,TRUE)>0,TRUE,"Not Found") -> Not Found | N74: =IF(AND((COUNTIF(I74,"*H4*")),(COUNTIF($E$7,"*H4*"))),TRUE,FALSE) -> FALSE | O74: =VLOOKUP(G74,'ECHA biocidal AS'!C70:H1537,6,FALSE) -> #N/A | P74: =IF(AND(O74="false",(ISNUMBER(MATCH(G74,'ECHA biocidal AS'!C:C,0)))),TRUE,FALSE) -> #N/A | R74: =IF(ISNUMBER(MATCH(G74,'ECHA candidate SVHC'!D:D,0)),TRUE,FALSE) -> FALSE | T74: =IF(ISNUMBER(MATCH(G74,'EQS WFD'!D:D,0)),TRUE,FALSE) -> FALSE | U74: =IF(ISNUMBER(MATCH(G74,'ECHA POP'!D:D,0)),TRUE,FALSE) -> FALSE
E75: Citrate | F75: 1,2,3-Propanetricarboxylic acid, 2-hydroxy-, sodium salt (1:2) | G75: 144-33-2 | H75: 205-623-3 | L75: 0.00609 | M75: =IF(COUNTIF(P75:W75,TRUE)>0,TRUE,"Not Found") -> Not Found | N75: =IF(AND((COUNTIF(I75,"*H4*")),(COUNTIF($E$7,"*H4*"))),TRUE,FALSE) -> FALSE | O75: =VLOOKUP(G75,'ECHA biocidal AS'!C71:H1538,6,FALSE) -> #N/A | P75: =IF(AND(O75="false",(ISNUMBER(MATCH(G75,'ECHA biocidal AS'!C:C,0)))),TRUE,FALSE) -> #N/A | R75: =IF(ISNUMBER(MATCH(G75,'ECHA candidate SVHC'!D:D,0)),TRUE,FALSE) -> FALSE | T75: =IF(ISNUMBER(MATCH(G75,'EQS WFD'!D:D,0)),TRUE,FALSE) -> FALSE | U75: =IF(ISNUMBER(MATCH(G75,'ECHA POP'!D:D,0)),TRUE,FALSE) -> FALSE
E76: Polyethylene Glycol Allyl Methyl Diether | F76: Poly(oxy-1,2-ethanediyl), .alpha.-methyl-.omega.-(2-propen-1-yloxy)- (n=7.5) | G76: 27252-80-8 | L76: 0.02 | M76: =IF(COUNTIF(P76:W76,TRUE)>0,TRUE,"Not Found") -> Not Found | N76: =IF(AND((COUNTIF(I76,"*H4*")),(COUNTIF($E$7,"*H4*"))),TRUE,FALSE) -> FALSE | O76: =VLOOKUP(G76,'ECHA biocidal AS'!C72:H1539,6,FALSE) -> #N/A | P76: =IF(AND(O76="false",(ISNUMBER(MATCH(G76,'ECHA biocidal AS'!C:C,0)))),TRUE,FALSE) -> #N/A | R76: =IF(ISNUMBER(MATCH(G76,'ECHA candidate SVHC'!D:D,0)),TRUE,FALSE) -> FALSE | T76: =IF(ISNUMBER(MATCH(G76,'EQS WFD'!D:D,0)),TRUE,FALSE) -> FALSE | U76: =IF(ISNUMBER(MATCH(G76,'ECHA POP'!D:D,0)),TRUE,FALSE) -> FALSE
E77: Glycol | F77: ethane-1,2-diol | G77: 107-21-1 | H77: 203-473-3 | L77: 0.09429 | M77: =IF(COUNTIF(P77:W77,TRUE)>0,TRUE,"Not Found") -> Not Found | N77: =IF(AND((COUNTIF(I77,"*H4*")),(COUNTIF($E$7,"*H4*"))),TRUE,FALSE) -> FALSE | O77: =VLOOKUP(G77,'ECHA biocidal AS'!C73:H1540,6,FALSE) -> #N/A | P77: =IF(AND(O77="false",(ISNUMBER(MATCH(G77,'ECHA biocidal AS'!C:C,0)))),TRUE,FALSE) -> #N/A | R77: =IF(ISNUMBER(MATCH(G77,'ECHA candidate SVHC'!D:D,0)),TRUE,FALSE) -> FALSE | T77: =IF(ISNUMBER(MATCH(G77,'EQS WFD'!D:D,0)),TRUE,FALSE) -> FALSE | U77: =IF(ISNUMBER(MATCH(G77,'ECHA POP'!D:D,0)),TRUE,FALSE) -> FALSE
E78: Disodium maleate | F78: Disodium maleate | G78: 371-47-1 | H78: 206-738-1 | L78: 0.06703 | M78: =IF(COUNTIF(P78:W78,TRUE)>0,TRUE,"Not Found") -> Not Found | N78: =IF(AND((COUNTIF(I78,"*H4*")),(COUNTIF($E$7,"*H4*"))),TRUE,FALSE) -> FALSE | O78: =VLOOKUP(G78,'ECHA biocidal AS'!C74:H1541,6,FALSE) -> #N/A | P78: =IF(AND(O78="false",(ISNUMBER(MATCH(G78,'ECHA biocidal AS'!C:C,0)))),TRUE,FALSE) -> #N/A | R78: =IF(ISNUMBER(MATCH(G78,'ECHA candidate SVHC'!D:D,0)),TRUE,FALSE) -> FALSE | T78: =IF(ISNUMBER(MATCH(G78,'EQS WFD'!D:D,0)),TRUE,FALSE) -> FALSE | U78: =IF(ISNUMBER(MATCH(G78,'ECHA POP'!D:D,0)),TRUE,FALSE) -> FALSE
E79: Monosodium maleate | F79: 2-Butenedioic acid (2Z)-, sodium salt (1:1) | G79: 3105-55-3 | L79: 0.01355 | M79: =IF(COUNTIF(P79:W79,TRUE)>0,TRUE,"Not Found") -> Not Found | N79: =IF(AND((COUNTIF(I79,"*H4*")),(COUNTIF($E$7,"*H4*"))),TRUE,FALSE) -> FALSE | O79: =VLOOKUP(G79,'ECHA biocidal AS'!C75:H1542,6,FALSE) -> #N/A | P79: =IF(AND(O79="false",(ISNUMBER(MATCH(G79,'ECHA biocidal AS'!C:C,0)))),TRUE,FALSE) -> #N/A | R79: =IF(ISNUMBER(MATCH(G79,'ECHA candidate SVHC'!D:D,0)),TRUE,FALSE) -> FALSE | T79: =IF(ISNUMBER(MATCH(G79,'EQS WFD'!D:D,0)),TRUE,FALSE) -> FALSE | U79: =IF(ISNUMBER(MATCH(G79,'ECHA POP'!D:D,0)),TRUE,FALSE) -> FALSE
F80: YOUNG TEA FR NY TD 2020C | L80: 0.271 | M80: =IF(COUNTIF(P80:W80,TRUE)>0,TRUE,"Not Found") -> Not Found | N80: =IF(AND((COUNTIF(I80,"*H4*")),(COUNTIF($E$7,"*H4*"))),TRUE,FALSE) -> FALSE | O80: =VLOOKUP(G80,'ECHA biocidal AS'!C76:H1543,6,FALSE) -> #N/A | P80: =IF(AND(O80="false",(ISNUMBER(MATCH(G80,'ECHA biocidal AS'!C:C,0)))),TRUE,FALSE) -> #N/A | R80: =IF(ISNUMBER(MATCH(G80,'ECHA candidate SVHC'!D:D,0)),TRUE,FALSE) -> FALSE | T80: =IF(ISNUMBER(MATCH(G80,'EQS WFD'!D:D,0)),TRUE,FALSE) -> FALSE | U80: =IF(ISNUMBER(MATCH(G80,'ECHA POP'!D:D,0)),TRUE,FALSE) -> FALSE
E81: PEG-n Hydrogenated Castor Oil | F81: Ethoxylated hydrogenated castor oil | G81: 61788-85-0 | H81: 500-147-5 | L81: 0.2 | M81: =IF(COUNTIF(P81:W81,TRUE)>0,TRUE,"Not Found") -> Not Found | N81: =IF(AND((COUNTIF(I81,"*H4*")),(COUNTIF($E$7,"*H4*"))),TRUE,FALSE) -> FALSE | O81: =VLOOKUP(G81,'ECHA biocidal AS'!C77:H1544,6,FALSE) -> #N/A | P81: =IF(AND(O81="false",(ISNUMBER(MATCH(G81,'ECHA biocidal AS'!C:C,0)))),TRUE,FALSE) -> #N/A | R81: =IF(ISNUMBER(MATCH(G81,'ECHA candidate SVHC'!D:D,0)),TRUE,FALSE) -> FALSE | T81: =IF(ISNUMBER(MATCH(G81,'EQS WFD'!D:D,0)),TRUE,FALSE) -> FALSE | U81: =IF(ISNUMBER(MATCH(G81,'ECHA POP'!D:D,0)),TRUE,FALSE) -> FALSE
E82: PEG-n Methyl Ether Dimethicone | F82: PEG-8 Methyl ether dimethicone (MW>1,000) | G82: 68938-54-5 | L82: 0.08 | M82: =IF(COUNTIF(P82:W82,TRUE)>0,TRUE,"Not Found") -> Not Found | N82: =IF(AND((COUNTIF(I82,"*H4*")),(COUNTIF($E$7,"*H4*"))),TRUE,FALSE) -> FALSE | O82: =VLOOKUP(G82,'ECHA biocidal AS'!C78:H1545,6,FALSE) -> #N/A | P82: =IF(AND(O82="false",(ISNUMBER(MATCH(G82,'ECHA biocidal AS'!C:C,0)))),TRUE,FALSE) -> #N/A | R82: =IF(ISNUMBER(MATCH(G82,'ECHA candidate SVHC'!D:D,0)),TRUE,FALSE) -> FALSE | T82: =IF(ISNUMBER(MATCH(G82,'EQS WFD'!D:D,0)),TRUE,FALSE) -> FALSE | U82: =IF(ISNUMBER(MATCH(G82,'ECHA POP'!D:D,0)),TRUE,FALSE) -> FALSE
E83: Polyethylene Glycol Phenyl Ether | F83: Poly(oxy-1,2-ethanediyl), .alpha.-phenyl-.omega.-hydroxy- (EO=6) | G83: 9004-78-8 | L83: 1.5 | M83: =IF(COUNTIF(P83:W83,TRUE)>0,TRUE,"Not Found") -> Not Found | N83: =IF(AND((COUNTIF(I83,"*H4*")),(COUNTIF($E$7,"*H4*"))),TRUE,FALSE) -> FALSE | O83: =VLOOKUP(G83,'ECHA biocidal AS'!C79:H1546,6,FALSE) -> #N/A | P83: =IF(AND(O83="false",(ISNUMBER(MATCH(G83,'ECHA biocidal AS'!C:C,0)))),TRUE,FALSE) -> #N/A | R83: =IF(ISNUMBER(MATCH(G83,'ECHA candidate SVHC'!D:D,0)),TRUE,FALSE) -> FALSE | T83: =IF(ISNUMBER(MATCH(G83,'EQS WFD'!D:D,0)),TRUE,FALSE) -> FALSE | U83: =IF(ISNUMBER(MATCH(G83,'ECHA POP'!D:D,0)),TRUE,FALSE) -> FALSE
E84: Hydroxypropyl Cyclodextrin | F84: beta-Cyclodextrin, 2-Hydroxypropyl Ether | G84: 128446-35-5 | H84: 420-920-1 | L84: 0.25 | M84: =IF(COUNTIF(P84:W84,TRUE)>0,TRUE,"Not Found") -> Not Found | N84: =IF(AND((COUNTIF(I84,"*H4*")),(COUNTIF($E$7,"*H4*"))),TRUE,FALSE) -> FALSE | O84: =VLOOKUP(G84,'ECHA biocidal AS'!C80:H1547,6,FALSE) -> #N/A | P84: =IF(AND(O84="false",(ISNUMBER(MATCH(G84,'ECHA biocidal AS'!C:C,0)))),TRUE,FALSE) -> #N/A | R84: =IF(ISNUMBER(MATCH(G84,'ECHA candidate SVHC'!D:D,0)),TRUE,FALSE) -> FALSE | T84: =IF(ISNUMBER(MATCH(G84,'EQS WFD'!D:D,0)),TRUE,FALSE) -> FALSE | U84: =IF(ISNUMBER(MATCH(G84,'ECHA POP'!D:D,0)),TRUE,FALSE) -> FALSE
E85: Aqua | F85: water | G85: 7732-18-5 | H85: 231-791-2 | L85: 96.16384 | M85: =IF(COUNTIF(P85:W85,TRUE)>0,TRUE,"Not Found") -> Not Found | N85: =IF(AND((COUNTIF(I85,"*H4*")),(COUNTIF($E$7,"*H4*"))),TRUE,FALSE) -> FALSE | O85: =VLOOKUP(G85,'ECHA biocidal AS'!C81:H1548,6,FALSE) -> #N/A | P85: =IF(AND(O85="false",(ISNUMBER(MATCH(G85,'ECHA biocidal AS'!C:C,0)))),TRUE,FALSE) -> #N/A | R85: =IF(ISNUMBER(MATCH(G85,'ECHA candidate SVHC'!D:D,0)),TRUE,FALSE) -> FALSE | T85: =IF(ISNUMBER(MATCH(G85,'EQS WFD'!D:D,0)),TRUE,FALSE) -> FALSE | U85: =IF(ISNUMBER(MATCH(G85,'ECHA POP'!D:D,0)),TRUE,FALSE) -> FALSE
D86: Febreze Fabric Refresher 3CP AB Primavera Aphrodite Amiens Air Care | E86: Alcohol | F86: ethanol | G86: 64-17-5 | H86: 200-578-6 | L86: 0.98958 | M86: =IF(COUNTIF(P86:W86,TRUE)>0,TRUE,"Not Found") -> TRUE | N86: =IF(AND((COUNTIF(I86,"*H4*")),(COUNTIF($E$7,"*H4*"))),TRUE,FALSE) -> FALSE | O86: =VLOOKUP(G86,'ECHA biocidal AS'!C82:H1549,6,FALSE) -> false | P86: =IF(AND(O86="false",(ISNUMBER(MATCH(G86,'ECHA biocidal AS'!C:C,0)))),TRUE,FALSE) -> TRUE | R86: =IF(ISNUMBER(MATCH(G86,'ECHA candidate SVHC'!D:D,0)),TRUE,FALSE) -> FALSE | T86: =IF(ISNUMBER(MATCH(G86,'EQS WFD'!D:D,0)),TRUE,FALSE) -> FALSE | U86: =IF(ISNUMBER(MATCH(G86,'ECHA POP'!D:D,0)),TRUE,FALSE) -> FALSE
E87: Didecyldimonium Chloride | F87: Didecyldimonium Chloride | G87: 7173-51-5 | H87: 230-525-2 | L87: 0.32998 | M87: =IF(COUNTIF(P87:W87,TRUE)>0,TRUE,"Not Found") -> TRUE | N87: =IF(AND((COUNTIF(I87,"*H4*")),(COUNTIF($E$7,"*H4*"))),TRUE,FALSE) -> FALSE | O87: =VLOOKUP(G87,'ECHA biocidal AS'!C83:H1550,6,FALSE) -> false | P87: =IF(AND(O87="false",(ISNUMBER(MATCH(G87,'ECHA biocidal AS'!C:C,0)))),TRUE,FALSE) -> TRUE | R87: =IF(ISNUMBER(MATCH(G87,'ECHA candidate SVHC'!D:D,0)),TRUE,FALSE) -> FALSE | T87: =IF(ISNUMBER(MATCH(G87,'EQS WFD'!D:D,0)),TRUE,FALSE) -> FALSE | U87: =IF(ISNUMBER(MATCH(G87,'ECHA POP'!D:D,0)),TRUE,FALSE) -> FALSE
E88: Citrate | F88: 1,2,3-Propanetricarboxylic acid, 2-hydroxy-, sodium salt (1:2) | G88: 144-33-2 | H88: 205-623-3 | L88: 0.00609 | M88: =IF(COUNTIF(P88:W88,TRUE)>0,TRUE,"Not Found") -> Not Found | N88: =IF(AND((COUNTIF(I88,"*H4*")),(COUNTIF($E$7,"*H4*"))),TRUE,FALSE) -> FALSE | O88: =VLOOKUP(G88,'ECHA biocidal AS'!C84:H1551,6,FALSE) -> #N/A | P88: =IF(AND(O88="false",(ISNUMBER(MATCH(G88,'ECHA biocidal AS'!C:C,0)))),TRUE,FALSE) -> #N/A | R88: =IF(ISNUMBER(MATCH(G88,'ECHA candidate SVHC'!D:D,0)),TRUE,FALSE) -> FALSE | T88: =IF(ISNUMBER(MATCH(G88,'EQS WFD'!D:D,0)),TRUE,FALSE) -> FALSE | U88: =IF(ISNUMBER(MATCH(G88,'ECHA POP'!D:D,0)),TRUE,FALSE) -> FALSE
E89: Sodium Citrate | F89: Sodium Citrate | G89: 68-04-2 | H89: 200-675-3 | L89: 0.01341 | M89: =IF(COUNTIF(P89:W89,TRUE)>0,TRUE,"Not Found") -> Not Found | N89: =IF(AND((COUNTIF(I89,"*H4*")),(COUNTIF($E$7,"*H4*"))),TRUE,FALSE) -> FALSE | O89: =VLOOKUP(G89,'ECHA biocidal AS'!C85:H1552,6,FALSE) -> #N/A | P89: =IF(AND(O89="false",(ISNUMBER(MATCH(G89,'ECHA biocidal AS'!C:C,0)))),TRUE,FALSE) -> #N/A | R89: =IF(ISNUMBER(MATCH(G89,'ECHA candidate SVHC'!D:D,0)),TRUE,FALSE) -> FALSE | T89: =IF(ISNUMBER(MATCH(G89,'EQS WFD'!D:D,0)),TRUE,FALSE) -> FALSE | U89: =IF(ISNUMBER(MATCH(G89,'ECHA POP'!D:D,0)),TRUE,FALSE) -> FALSE
E90: Polyethylene Glycol Allyl Methyl Diether | F90: Poly(oxy-1,2-ethanediyl), .alpha.-methyl-.omega.-(2-propen-1-yloxy)- (n=7.5) | G90: 27252-80-8 | L90: 0.02 | M90: =IF(COUNTIF(P90:W90,TRUE)>0,TRUE,"Not Found") -> Not Found | N90: =IF(AND((COUNTIF(I90,"*H4*")),(COUNTIF($E$7,"*H4*"))),TRUE,FALSE) -> FALSE | O90: =VLOOKUP(G90,'ECHA biocidal AS'!C86:H1553,6,FALSE) -> #N/A | P90: =IF(AND(O90="false",(ISNUMBER(MATCH(G90,'ECHA biocidal AS'!C:C,0)))),TRUE,FALSE) -> #N/A | R90: =IF(ISNUMBER(MATCH(G90,'ECHA candidate SVHC'!D:D,0)),TRUE,FALSE) -> FALSE | T90: =IF(ISNUMBER(MATCH(G90,'EQS WFD'!D:D,0)),TRUE,FALSE) -> FALSE | U90: =IF(ISNUMBER(MATCH(G90,'ECHA POP'!D:D,0)),TRUE,FALSE) -> FALSE
E91: Glycol | F91: ethane-1,2-diol | G91: 107-21-1 | H91: 203-473-3 | L91: 0.09429 | M91: =IF(COUNTIF(P91:W91,TRUE)>0,TRUE,"Not Found") -> Not Found | N91: =IF(AND((COUNTIF(I91,"*H4*")),(COUNTIF($E$7,"*H4*"))),TRUE,FALSE) -> FALSE | O91: =VLOOKUP(G91,'ECHA biocidal AS'!C87:H1554,6,FALSE) -> #N/A | P91: =IF(AND(O91="false",(ISNUMBER(MATCH(G91,'ECHA biocidal AS'!C:C,0)))),TRUE,FALSE) -> #N/A | R91: =IF(ISNUMBER(MATCH(G91,'ECHA candidate SVHC'!D:D,0)),TRUE,FALSE) -> FALSE | T91: =IF(ISNUMBER(MATCH(G91,'EQS WFD'!D:D,0)),TRUE,FALSE) -> FALSE | U91: =IF(ISNUMBER(MATCH(G91,'ECHA POP'!D:D,0)),TRUE,FALSE) -> FALSE
E92: Monosodium maleate | F92: 2-Butenedioic acid (2Z)-, sodium salt (1:1) | G92: 3105-55-3 | L92: 0.01355 | M92: =IF(COUNTIF(P92:W92,TRUE)>0,TRUE,"Not Found") -> Not Found | N92: =IF(AND((COUNTIF(I92,"*H4*")),(COUNTIF($E$7,"*H4*"))),TRUE,FALSE) -> FALSE | O92: =VLOOKUP(G92,'ECHA biocidal AS'!C88:H1555,6,FALSE) -> #N/A | P92: =IF(AND(O92="false",(ISNUMBER(MATCH(G92,'ECHA biocidal AS'!C:C,0)))),TRUE,FALSE) -> #N/A | R92: =IF(ISNUMBER(MATCH(G92,'ECHA candidate SVHC'!D:D,0)),TRUE,FALSE) -> FALSE | T92: =IF(ISNUMBER(MATCH(G92,'EQS WFD'!D:D,0)),TRUE,FALSE) -> FALSE | U92: =IF(ISNUMBER(MATCH(G92,'ECHA POP'!D:D,0)),TRUE,FALSE) -> FALSE
E93: Disodium maleate | F93: Disodium maleate | G93: 371-47-1 | H93: 206-738-1 | L93: 0.07457 | M93: =IF(COUNTIF(P93:W93,TRUE)>0,TRUE,"Not Found") -> Not Found | N93: =IF(AND((COUNTIF(I93,"*H4*")),(COUNTIF($E$7,"*H4*"))),TRUE,FALSE) -> FALSE | O93: =VLOOKUP(G93,'ECHA biocidal AS'!C89:H1556,6,FALSE) -> #N/A | P93: =IF(AND(O93="false",(ISNUMBER(MATCH(G93,'ECHA biocidal AS'!C:C,0)))),TRUE,FALSE) -> #N/A | R93: =IF(ISNUMBER(MATCH(G93,'ECHA candidate SVHC'!D:D,0)),TRUE,FALSE) -> FALSE | T93: =IF(ISNUMBER(MATCH(G93,'EQS WFD'!D:D,0)),TRUE,FALSE) -> FALSE | U93: =IF(ISNUMBER(MATCH(G93,'ECHA POP'!D:D,0)),TRUE,FALSE) -> FALSE
F94: PRIMAVERA DC FR 2022C MOD2 | L94: 0.016 | M94: =IF(COUNTIF(P94:W94,TRUE)>0,TRUE,"Not Found") -> Not Found | N94: =IF(AND((COUNTIF(I94,"*H4*")),(COUNTIF($E$7,"*H4*"))),TRUE,FALSE) -> FALSE | O94: =VLOOKUP(G94,'ECHA biocidal AS'!C90:H1557,6,FALSE) -> #N/A | P94: =IF(AND(O94="false",(ISNUMBER(MATCH(G94,'ECHA biocidal AS'!C:C,0)))),TRUE,FALSE) -> #N/A | R94: =IF(ISNUMBER(MATCH(G94,'ECHA candidate SVHC'!D:D,0)),TRUE,FALSE) -> FALSE | T94: =IF(ISNUMBER(MATCH(G94,'EQS WFD'!D:D,0)),TRUE,FALSE) -> FALSE | U94: =IF(ISNUMBER(MATCH(G94,'ECHA POP'!D:D,0)),TRUE,FALSE) -> FALSE
F95: Halosolve-D 463478 | L95: 0.021 | M95: =IF(COUNTIF(P95:W95,TRUE)>0,TRUE,"Not Found") -> Not Found | N95: =IF(AND((COUNTIF(I95,"*H4*")),(COUNTIF($E$7,"*H4*"))),TRUE,FALSE) -> FALSE | O95: =VLOOKUP(G95,'ECHA biocidal AS'!C91:H1558,6,FALSE) -> #N/A | P95: =IF(AND(O95="false",(ISNUMBER(MATCH(G95,'ECHA biocidal AS'!C:C,0)))),TRUE,FALSE) -> #N/A | R95: =IF(ISNUMBER(MATCH(G95,'ECHA candidate SVHC'!D:D,0)),TRUE,FALSE) -> FALSE | T95: =IF(ISNUMBER(MATCH(G95,'EQS WFD'!D:D,0)),TRUE,FALSE) -> FALSE | U95: =IF(ISNUMBER(MATCH(G95,'ECHA POP'!D:D,0)),TRUE,FALSE) -> FALSE
E96: PEG-n Hydrogenated Castor Oil | F96: (Archived) Ethoxylated hydrogenated castor oil | G96: 61788-85-0 | H96: 500-147-5 | L96: 0.2 | M96: =IF(COUNTIF(P96:W96,TRUE)>0,TRUE,"Not Found") -> Not Found | N96: =IF(AND((COUNTIF(I96,"*H4*")),(COUNTIF($E$7,"*H4*"))),TRUE,FALSE) -> FALSE | O96: =VLOOKUP(G96,'ECHA biocidal AS'!C92:H1559,6,FALSE) -> #N/A | P96: =IF(AND(O96="false",(ISNUMBER(MATCH(G96,'ECHA biocidal AS'!C:C,0)))),TRUE,FALSE) -> #N/A | R96: =IF(ISNUMBER(MATCH(G96,'ECHA candidate SVHC'!D:D,0)),TRUE,FALSE) -> FALSE | T96: =IF(ISNUMBER(MATCH(G96,'EQS WFD'!D:D,0)),TRUE,FALSE) -> FALSE | U96: =IF(ISNUMBER(MATCH(G96,'ECHA POP'!D:D,0)),TRUE,FALSE) -> FALSE
E97: PEG-n Methyl Ether Dimethicone | F97: PEG-8 Methyl ether dimethicone (MW>1,000) | G97: 68938-54-5 | L97: 0.08 | M97: =IF(COUNTIF(P97:W97,TRUE)>0,TRUE,"Not Found") -> Not Found | N97: =IF(AND((COUNTIF(I97,"*H4*")),(COUNTIF($E$7,"*H4*"))),TRUE,FALSE) -> FALSE | O97: =VLOOKUP(G97,'ECHA biocidal AS'!C93:H1560,6,FALSE) -> #N/A | P97: =IF(AND(O97="false",(ISNUMBER(MATCH(G97,'ECHA biocidal AS'!C:C,0)))),TRUE,FALSE) -> #N/A | R97: =IF(ISNUMBER(MATCH(G97,'ECHA candidate SVHC'!D:D,0)),TRUE,FALSE) -> FALSE | T97: =IF(ISNUMBER(MATCH(G97,'EQS WFD'!D:D,0)),TRUE,FALSE) -> FALSE | U97: =IF(ISNUMBER(MATCH(G97,'ECHA POP'!D:D,0)),TRUE,FALSE) -> FALSE
E98: Polyethylene Glycol Phenyl Ether | F98: Poly(oxy-1,2-ethanediyl), .alpha.-phenyl-.omega.-hydroxy- (EO=6) | G98: 9004-78-8 | L98: 1.5 | M98: =IF(COUNTIF(P98:W98,TRUE)>0,TRUE,"Not Found") -> Not Found | N98: =IF(AND((COUNTIF(I98,"*H4*")),(COUNTIF($E$7,"*H4*"))),TRUE,FALSE) -> FALSE | O98: =VLOOKUP(G98,'ECHA biocidal AS'!C94:H1561,6,FALSE) -> #N/A | P98: =IF(AND(O98="false",(ISNUMBER(MATCH(G98,'ECHA biocidal AS'!C:C,0)))),TRUE,FALSE) -> #N/A | R98: =IF(ISNUMBER(MATCH(G98,'ECHA candidate SVHC'!D:D,0)),TRUE,FALSE) -> FALSE | T98: =IF(ISNUMBER(MATCH(G98,'EQS WFD'!D:D,0)),TRUE,FALSE) -> FALSE | U98: =IF(ISNUMBER(MATCH(G98,'ECHA POP'!D:D,0)),TRUE,FALSE) -> FALSE
E99: Hydroxypropyl Cyclodextrin | F99: beta-Cyclodextrin, 2-Hydroxypropyl Ether | G99: 128446-35-5 | H99: 420-920-1 | L99: 0.25 | M99: =IF(COUNTIF(P99:W99,TRUE)>0,TRUE,"Not Found") -> Not Found | N99: =IF(AND((COUNTIF(I99,"*H4*")),(COUNTIF($E$7,"*H4*"))),TRUE,FALSE) -> FALSE | O99: =VLOOKUP(G99,'ECHA biocidal AS'!C95:H1562,6,FALSE) -> #N/A | P99: =IF(AND(O99="false",(ISNUMBER(MATCH(G99,'ECHA biocidal AS'!C:C,0)))),TRUE,FALSE) -> #N/A | R99: =IF(ISNUMBER(MATCH(G99,'ECHA candidate SVHC'!D:D,0)),TRUE,FALSE) -> FALSE | T99: =IF(ISNUMBER(MATCH(G99,'EQS WFD'!D:D,0)),TRUE,FALSE) -> FALSE | U99: =IF(ISNUMBER(MATCH(G99,'ECHA POP'!D:D,0)),TRUE,FALSE) -> FALSE
E100: Aqua | F100: water | G100: 7732-18-5 | H100: 231-791-2 | L100: 96.39144 | M100: =IF(COUNTIF(P100:W100,TRUE)>0,TRUE,"Not Found") -> Not Found | N100: =IF(AND((COUNTIF(I100,"*H4*")),(COUNTIF($E$7,"*H4*"))),TRUE,FALSE) -> FALSE | O100: =VLOOKUP(G100,'ECHA biocidal AS'!C96:H1563,6,FALSE) -> #N/A | P100: =IF(AND(O100="false",(ISNUMBER(MATCH(G100,'ECHA biocidal AS'!C:C,0)))),TRUE,FALSE) -> #N/A | R100: =IF(ISNUMBER(MATCH(G100,'ECHA candidate SVHC'!D:D,0)),TRUE,FALSE) -> FALSE | T100: =IF(ISNUMBER(MATCH(G100,'EQS WFD'!D:D,0)),TRUE,FALSE) -> FALSE | U100: =IF(ISNUMBER(MATCH(G100,'ECHA POP'!D:D,0)),TRUE,FALSE) -> FALSE
D101: Febreze Fabric Refresher 3CP AB Snowflake Aphrodite Amiens Air Care | E101: Alcohol | F101: ethanol | G101: 64-17-5 | H101: 200-578-6 | L101: 0.98958 | M101: =IF(COUNTIF(P101:W101,TRUE)>0,TRUE,"Not Found") -> TRUE | N101: =IF(AND((COUNTIF(I101,"*H4*")),(COUNTIF($E$7,"*H4*"))),TRUE,FALSE) -> FALSE | O101: =VLOOKUP(G101,'ECHA biocidal AS'!C97:H1564,6,FALSE) -> false | P101: =IF(AND(O101="false",(ISNUMBER(MATCH(G101,'ECHA biocidal AS'!C:C,0)))),TRUE,FALSE) -> TRUE | R101: =IF(ISNUMBER(MATCH(G101,'ECHA candidate SVHC'!D:D,0)),TRUE,FALSE) -> FALSE | T101: =IF(ISNUMBER(MATCH(G101,'EQS WFD'!D:D,0)),TRUE,FALSE) -> FALSE | U101: =IF(ISNUMBER(MATCH(G101,'ECHA POP'!D:D,0)),TRUE,FALSE) -> FALSE
...

Sheet SoC_Ctgb 20181010
B1: Actieve stof / Hulpstof | C1: CAS | D1: acuut grens | E1: chronic grens
A2: =CONCATENATE(#REF!," ",B2," ","(",C2,")") -> #REF! | B2: [3R-(3.alpha.,3a.beta.,7,beta.,8a.alpha.)]-1-(2,3,4,7,8,8a-hexahydro-3,6,8,8-tetramethyl-1H-3a,7-methanoazulen-5-yl)ethan-1-one | C2: 32388-55-9 | D2: =IF(#REF!="","25",25/#REF!) -> #REF! | E2: =IF(#REF!="","25",25/#REF!) -> #REF!
B3: [4-[[4-Anilino-1-naphthyl][4-(dimethylamino)phenyl]methylene]cyclohexa-2,5-dien-1-ylidene]dimethylammonium acetate | C3: 83803-79-6
B4: ®-p-Mentha-1,8-diene | C4: 138-86-3/5989-27-5/8022-90-0/555-08-8/8050-32-6/7705-14-8 | D4: =IF(#REF!="","25",25/#REF!) -> #REF! | E4: =IF(#REF!="","25",25/#REF!) -> #REF!
B5: 1,3,4,6,7,8-hexahydro-4,6,6,7,8,8-hexamethylindeno[ 5,6-c]pyran | C5: 1222-05-5
B6: 1,4-methanoazulene,decahydro-4,8,8-trimethyl-9-methylene-,[1s-(1.alpha.,3a.beta.,4.alpha.,8a.beta.)]- | C6: 475-20-7 | D6: =IF(#REF!="","25",25/#REF!) -> #REF! | E6: =IF(#REF!="","25",25/#REF!) -> #REF!
B7: 2-(2-butoxyethoxy)ethanol | C7: 112-34-5 | D7: =IF(#REF!="","25",25/#REF!) -> #REF! | E7: =IF(#REF!="","25",25/#REF!) -> #REF!
B8: 2,6-ditertbutyl-p-cresol | C8: 128-37-0
B9: 2-amino-1-butanol | C9: 96-20-8 | D9: =IF(#REF!="","25",25/#REF!) -> #REF! | E9: =IF(#REF!="","25",25/#REF!) -> #REF!
B10: 2-ethyl-4-(2,2,3-trimethyl-3-cyclopenten-1-yl)-2-buten-1-ol | C10: 28219-61-6 | D10: =IF(#REF!="","25",25/#REF!) -> #REF! | E10: =IF(#REF!="","25",25/#REF!) -> #REF!
B11: 3,5-dinitro-2,6-dimethyl-4-tert butyl acetophenone | C11: 81-14-1
A12: =CONCATENATE(#REF!," ",B12," ","(",C12,")") -> #REF! | B12: 6-acetyl-1,1,2,4,4,7-hexamethyltetraline (tonalide, fixolide, ahtn) | C12: 1506-02-1 | D12: =IF(#REF!="","25",25/#REF!) -> #REF! | E12: =IF(#REF!="","25",25/#REF!) -> #REF!
A13: =CONCATENATE(#REF!," ",B13," ","(",C13,")") -> #REF! | B13: 7 mole ethoxylated tallow amine | C13: 61791-26-2 | D13: =IF(#REF!="","25",25/#REF!) -> #REF! | E13: =IF(#REF!="","25",25/#REF!) -> #REF!
B14: a mixture of (E)-oxacyclohexadec-12-en-2-one; (E)-oxacyclohexadec-13-en-2-one; a) (Z)-oxacyclohexadec-(12)-en-2-one and b) -oxac | C14: 111879-80-2 | D14: =IF(#REF!="","25",25/#REF!) -> #REF! | E14: =IF(#REF!="","25",25/#REF!) -> #REF!
A15: =CONCATENATE(#REF!," ",B15," ","(",C15,")") -> #REF! | B15: acrylic acid | C15: 79-10-7 | D15: =IF(#REF!="","25",25/#REF!) -> #REF! | E15: =IF(#REF!="","25",25/#REF!) -> #REF!
B16: alcohols, C12-14, ethoxylated, sulfates,sodium salts | C16: 68891-38-3 / 68585-34-2
B17: alcohols, C12-15, ethoxylated | C17: 68131-39-5
B18: alcohols, C12-15-branched and linear, ethoxylated | C18: 106232-83-1
B19: alkyl(C10-16)benzenesulfonic acid | C19: 85536-14-7 | D19: =IF(#REF!="","25",25/#REF!) -> #REF! | E19: =IF(#REF!="","25",25/#REF!) -> #REF!
B20: alkyl, C12-C16-alkyldimethyl | C20: 68439-70-3
B21: allyl hexanoate | C21: 123-68-2
B22: alpha-hexylcinnamaldehyde | C22: 101-86-0
B23: amines, C12-14 (even numbered)-alkyldimethyl, N-oxides | C23: 308062-28-4
B24: amines, C12-C14-alkyldimethyl | C24: 84649-84-3
B25: amines, coco, alkyldimethyl, N-oxides | C25: 61788-90-7 | D25: =IF(#REF!="","25",25/#REF!) -> #REF! | E25: =IF(#REF!="","25",25/#REF!) -> #REF!
B26: benzophenone-3 | C26: 131-57-7
B27: bicyclo[4,3,1]Decane, 3- Methoxy-7,7-Dimethyl-10-Methylene | C27: 216970-21-7 | D27: =IF(#REF!="","25",25/#REF!) -> #REF! | E27: =IF(#REF!="","25",25/#REF!) -> #REF!
B28: bis(2-ethylhexyl)maleate | C28: 142-16-5 | D28: =IF(#REF!="","25",25/#REF!) -> #REF! | E28: =IF(#REF!="","25",25/#REF!) -> #REF!
B29: butyric acid | C29: 107-92-6 | D29: =IF(#REF!="","25",25/#REF!) -> #REF! | E29: =IF(#REF!="","25",25/#REF!) -> #REF!
B30: caprolactam | C30: 105-60-2
B31: cchloranil (Tetrachloro-pbenzoquinone) | C31: 118-75-2
B32: cederwood oil | C32: 8000-27-9 | D32: =IF(#REF!="","25",25/#REF!) -> #REF! | E32: =IF(#REF!="","25",25/#REF!) -> #REF!
B33: chlorinated C14-C17 n-Paraffins | C33: 85535-85-9 | D33: =IF(#REF!="","25",25/#REF!) -> #REF! | E33: =IF(#REF!="","25",25/#REF!) -> #REF!
B34: chromium trioxide | C34: 1333-82-0 | D34: =IF(#REF!="","25",25/#REF!) -> #REF! | E34: =IF(#REF!="","25",25/#REF!) -> #REF!
B35: CI Basic yellow 21 | C35: 6359-50-8
B36: CI basic yellow 29 | C36: 73019-09-7 | D36: =IF(#REF!="","25",25/#REF!) -> #REF! | E36: =IF(#REF!="","25",25/#REF!) -> #REF!
B37: cis-3-hexenyl-2-hydroxybenzoate | C37: 65405-77-8 | D37: =IF(#REF!="","25",25/#REF!) -> #REF! | E37: =IF(#REF!="","25",25/#REF!) -> #REF!
B38: copper (I) thiocyanate | C38: 1111-67-7
B39: copper (II)oxide | C39: 1317-38-0
B40: copper nitrate trihydrate | C40: 10031-43-3 | D40: =IF(#REF!="","25",25/#REF!) -> #REF! | E40: =IF(#REF!="","25",25/#REF!) -> #REF!
B41: coppernitrate | C41: 3251-23-8 | D41: =IF(#REF!="","25",25/#REF!) -> #REF! | E41: =IF(#REF!="","25",25/#REF!) -> #REF!
B42: cyclohexane | C42: 110-82-7
B43: cymoxanil | C43: 57966-95-7
B44: denatonium benzoate | C44: 3734-33-6
B45: dibutyltin dilaurate | C45: 77-58-7
B46: dimethyl(tetradecyl)amine | C46: 112-75-4
B47: dodecan-1-ol | C47: 112-53-8 | D47: =IF(#REF!="","25",25/#REF!) -> #REF! | E47: =IF(#REF!="","25",25/#REF!) -> #REF!
B48: dodecanenitrile | C48: 2437-25-4
B49: ethoxylated fatty amine | C49: 26635-93-8
B50: fatty acids, tall-oil, compds. with (Z)-N-9-octadecenyl-1,3-propane... | C50: 91845-13-5 | D50: =IF(#REF!="","25",25/#REF!) -> #REF! | E50: =IF(#REF!="","25",25/#REF!) -> #REF!
B51: fatty alcohol alkoxylate 3 | D51: =IF(#REF!="","25",25/#REF!) -> #REF! | E51: =IF(#REF!="","25",25/#REF!) -> #REF!
B52: fluopyram | C52: 658066-35-4 | D52: =IF(#REF!="","25",25/#REF!) -> #REF! | E52: =IF(#REF!="","25",25/#REF!) -> #REF!
B53: hexadecyldimethylamine | C53: 112-69-6 | D53: =IF(#REF!="","25",25/#REF!) -> #REF! | E53: =IF(#REF!="","25",25/#REF!) -> #REF!
B54: lauramine oxide 29-31% | C54: 85408-49-7 | D54: =IF(#REF!="","25",25/#REF!) -> #REF! | E54: =IF(#REF!="","25",25/#REF!) -> #REF!
B55: lauryl dimethylamine oxide | C55: 70592-80-2
B56: lead monoxide | C56: 1317-36-8 | D56: =IF(#REF!="","25",25/#REF!) -> #REF! | E56: =IF(#REF!="","25",25/#REF!) -> #REF!
B57: monoethanolamine | C57: 141-43-5
B58: N,N-dimethyl-1-decanamine-N-oxide | C58: 2605-79-0
B59: N,N-dimethyldodecanamine | C59: 112-18-5
B60: n-hexyl-2-hydroxybenzoate | C60: 6259-76-3
B61: oils, cedarwood, texan | C61: 68990-83-0
B62: oils, manila elemi | C62: 8023-89-0
B63: oleic acid, compound with (Z)-N-octadec-9-enylpropane-1,3-diamine | C63: 40027-38-1
B64: oxacyclohexadecen-2-one | C64: 34902-57-3
B65: pin-2(10)-ene | C65: 127-91-3
B66: pin-2(3)-ene | C66: 80-56-8
B67: pine oil | C67: 8000-41-7
B68: pine, pinus pumila, ext | C68: 97676-05-6
... B85: zinc oxide | C85: 1314-13-2

Sheet ECHA biocidal AS
A1: Export date: 25/04/2024 04:33:02 | C1: https://echa.europa.eu/information-on-chemicals/biocidal-active-substances
A3: Substance name | B3: EC/List no. | C3: CAS no. | D3: BAS number | E3: Product-type | F3: Review Programme flag | G3: New active substance flag | H3: Annex I substance flag | I3: Inclusion Category | J3: Approval start date | K3: Approval end date | L3: Evaluating competent authority | M3: Approval status | N3: Assessment status | O3: Assessment sub-status | P3: Legal act | Q3: Link to legal act | R3: R4BP asset number | S3: Candidate for substitution | T3: Factsheet URL | U3: Related authorised biocidal products | V3: RML ID | W3: Substance information page
A4: Substance name | B4: EC/List no. | C4: CAS no. | D4: BAS number | E4: Product-type | F4: Review Programme flag | G4: New active substance flag | H4: Annex I substance flag | I4: Inclusion Category | J4: Approval start date | K4: Approval end date | L4: Evaluating competent authority | M4: Approval status | N4: Assessment status | O4: Assessment sub-status | P4: Legal act | Q4: Link to legal act | R4: R4BP asset number | S4: Candidate for substitution | T4: Factsheet URL | U4: Related authorised biocidal products | V4: RML ID | W4: Substance information page
A5: (+)-Tartaric acid | B5: 201-766-0 | C5: 87-69-4 | D5: 1424 | F5: false | H5: true | I5: 1 | J5: 01/09/2013 | L5: - | M5: Approved | P5: Regulation (EU) 528/2012 Annex I | Q5: http://eur-lex.europa.eu/legal-content/EN/ALL/?uri=CELEX:32012R0528 | R5: EU-0012339-0000 | T5: https://echa.europa.eu/nl/information-on-chemicals/biocidal-active-substances/-/disas/factsheet/1424/null | U5: 63 | V5: 100.001.606 | W5: https://echa.europa.eu/nl/substance-information/-/substanceinfo/100.001.606
A6: (1,3,4,5,6,7-hexahydro-1,3-dioxo-2H-isoindol-2-yl)methyl (1R-trans)-2,2-dimethyl-3-(2-methylprop-1-enyl)cyclo-propanecarboxylate (d-Tetramethrin) | B6: 214-619-0 | C6: 1166-46-7 | D6: 1299 | E6: PT18-Insecticides, acaricides and products to control other arthropods | F6: true | G6: false | H6: false | I6: 0 | L6: Germany | N6: Initial application for approval in progress | O6: Competent authority evaluation | R6: - | S6: Under assessment | T6: https://echa.europa.eu/nl/information-on-chemicals/biocidal-active-substances/-/disas/factsheet/1299/PT18 | U6: 0 | V6: 100.013.290 | W6: https://echa.europa.eu/nl/substance-information/-/substanceinfo/100.013.290
A7: (13Z)-Hexadec-13-en-11-yn-1-yl acetate | B7: 642-968-2 | C7: 78617-58-0 | D7: 1923 | E7: PT19-Repellents and attractants | F7: false | G7: true | H7: false | I7: 0 | J7: 01/06/2023 | K7: 31/05/2033 | L7: France | M7: Approved | P7: Implementing Regulation (EU) 2023/1079 | Q7: http://eur-lex.europa.eu/legal-content/EN/ALL/?uri=CELEX:32023R1079 | R7: EU-0028422-0000 | S7: No | T7: https://echa.europa.eu/nl/information-on-chemicals/biocidal-active-substances/-/disas/factsheet/1923/PT19 | U7: 1 | V7: 100.170.866 | W7: https://echa.europa.eu/nl/substance-information/-/substanceinfo/100.170.866
A8: (2R,6aS,12aS)-1,2,6,6a,12,12a-hexa- hydro-2-isopropenyl-8,9-dimethoxychro- meno[3,4-b]furo[2,3-h]chromen-6-one (Rotenone) | B8: 201-501-9 | C8: 83-79-4 | D8: 1375 | E8: PT17-Piscicides | F8: true | G8: false | H8: false | I8: 0 | L8: United Kingdom | M8: Cancelled application | R8: - | S8: Under assessment | T8: https://echa.europa.eu/nl/information-on-chemicals/biocidal-active-substances/-/disas/factsheet/1375/PT17 | U8: 0 | V8: 100.001.365 | W8: https://echa.europa.eu/nl/substance-information/-/substanceinfo/100.001.365
A9: (9Z,12E)-Tetradeca-9, 12-dien-1-yl acetate | B9: 608-490-3 | C9: 30507-70-1 | D9: 58 | E9: PT19-Repellents and attractants | F9: true | G9: false | H9: false | I9: 0 | L9: Austria | M9: No longer supported | P9: Directive 2011/11/EU | Q9: http://eur-lex.europa.eu/legal-content/EN/ALL/?uri=CELEX:32011L0011 | R9: EU-0005408-0000 | S9: No | T9: https://echa.europa.eu/nl/information-on-chemicals/biocidal-active-substances/-/disas/factsheet/58/PT19 | U9: 12 | V9: 100.112.543 | W9: https://echa.europa.eu/nl/substance-information/-/substanceinfo/100.112.543
A10: (9Z,12E)-tetradeca-9,12-dien-1-yl acetate | B10: 608-490-3 | C10: 30507-70-1 | D10: 1433 | F10: false | H10: true | I10: 6 | J10: 01/09/2013 | L10: - | M10: Approved | P10: Regulation (EU) 528/2012 Annex I | Q10: http://eur-lex.europa.eu/legal-content/EN/ALL/?uri=CELEX:32012R0528 | R10: EU-0012350-0000 | T10: https://echa.europa.eu/nl/information-on-chemicals/biocidal-active-substances/-/disas/factsheet/1433/null | U10: 18 | V10: 100.112.543 | W10: https://echa.europa.eu/nl/substance-information/-/substanceinfo/100.112.543
A11: (benzothiazol-2-ylthio)methyl thiocyanate (TCMTB) | B11: 244-445-0 | C11: 21564-17-0 | D11: 1215 | E11: PT09-Fibre, leather, rubber and polymerised materials preservatives | F11: true | G11: false | H11: false | I11: 0 | L11: Norway | N11: Initial application for approval in progress | O11: Competent authority evaluation | R11: - | S11: Under assessment | T11: https://echa.europa.eu/nl/information-on-chemicals/biocidal-active-substances/-/disas/factsheet/1215/PT09 | U11: 0 | V11: 100.040.390 | W11: https://echa.europa.eu/nl/substance-information/-/substanceinfo/100.040.390
A12: (benzothiazol-2-ylthio)methyl thiocyanate (TCMTB) | B12: 244-445-0 | C12: 21564-17-0 | D12: 1215 | E12: PT12-Slimicides | F12: true | G12: false | H12: false | I12: 0 | L12: Norway | N12: Initial application for approval in progress | O12: Competent authority evaluation | R12: - | S12: Under assessment | T12: https://echa.europa.eu/nl/information-on-chemicals/biocidal-active-substances/-/disas/factsheet/1215/PT12 | U12: 0 | V12: 100.040.390 | W12: https://echa.europa.eu/nl/substance-information/-/substanceinfo/100.040.390
A13: (benzyloxy)methanol | B13: 238-588-8 | C13: 14548-60-8 | D13: 1216 | E13: PT06-Preservatives for products during storage | F13: true | G13: false | H13: false | I13: 0 | L13: Austria | N13: Initial application for approval in progress | O13: Competent authority evaluation | R13: - | S13: Under assessment | T13: https://echa.europa.eu/nl/information-on-chemicals/biocidal-active-substances/-/disas/factsheet/1216/PT06 | U13: 0 | V13: 100.035.065 | W13: https://echa.europa.eu/nl/substance-information/-/substanceinfo/100.035.065
A14: (benzyloxy)methanol | B14: 238-588-8 | C14: 14548-60-8 | D14: 1216 | E14: PT13-Working or cutting fluid preservatives | F14: true | G14: false | H14: false | I14: 0 | L14: United Kingdom | M14: No longer supported | P14: COMMISSION IMPLEMENTING DECISION (EU) 2023/458 | Q14: http://eur-lex.europa.eu/legal-content/EN/ALL/?uri=CELEX:32023D0458 | R14: - | S14: Under assessment | T14: https://echa.europa.eu/nl/information-on-chemicals/biocidal-active-substances/-/disas/factsheet/1216/PT13 | U14: 0 | V14: 100.035.065 | W14: https://echa.europa.eu/nl/substance-information/-/substanceinfo/100.035.065
A15: (E)-1-(2-Chloro-1,3-thiazol-5-ylmethyl)-3- methyl-2-nitroguanidine (Clothianidin) | B15: 433-460-1 | C15: 210880-92-5 | D15: 15 | E15: PT08-Wood preservatives | F15: true | G15: false | H15: false | I15: 0 | J15: 01/02/2010 | K15: 31/01/2020 | L15: Germany | M15: Expired | P15: Directive 2008/15/EC | Q15: http://eur-lex.europa.eu/legal-content/EN/ALL/?uri=CELEX:32008L0015 | R15: EU-0005358-0000 | S15: Yes | T15: https://echa.europa.eu/nl/information-on-chemicals/biocidal-active-substances/-/disas/factsheet/15/PT08 | U15: 0 | V15: 100.103.171 | W15: https://echa.europa.eu/nl/substance-information/-/substanceinfo/100.103.171
A16: (E)-1-(2-Chloro-1,3-thiazol-5-ylmethyl)-3- methyl-2-nitroguanidine (Clothianidin) | B16: 433-460-1 | C16: 210880-92-5 | D16: 15 | E16: PT18-Insecticides, acaricides and products to control other arthropods | F16: true | G16: false | H16: false | I16: 0 | J16: 01/10/2016 | K16: 30/09/2026 | L16: Germany | M16: Approved | P16: REGULATION (EU) 2015/985 | Q16: http://eur-lex.europa.eu/legal-content/EN/ALL/?uri=CELEX:32015R0985 | R16: EU-0012168-0000 | S16: Yes | T16: https://echa.europa.eu/nl/information-on-chemicals/biocidal-active-substances/-/disas/factsheet/15/PT18 | U16: 5 | V16: 100.103.171 | W16: https://echa.europa.eu/nl/substance-information/-/substanceinfo/100.103.171
A17: (ethylenedioxy)dimethanol (Reaction products of ethylene glycol with paraformaldehyde (EGForm)) | B17: 222-720-6 | C17: 3586-55-8 | D17: 1374 | E17: PT02-Disinfectants and algaecides not intended for direct application to humans or animals | F17: true | G17: false | H17: false | I17: 0 | L17: Poland | M17: No longer supported | P17: Decision (EU) 2020/1036 | Q17: http://eur-lex.europa.eu/legal-content/EN/ALL/?uri=CELEX:32020D1036 | R17: - | S17: Under assessment | T17: https://echa.europa.eu/nl/information-on-chemicals/biocidal-active-substances/-/disas/factsheet/1374/PT02 | U17: 0 | V17: 100.020.655 | W17: https://echa.europa.eu/nl/substance-information/-/substanceinfo/100.020.655
A18: (ethylenedioxy)dimethanol (Reaction products of ethylene glycol with paraformaldehyde (EGForm)) | B18: 222-720-6 | C18: 3586-55-8 | D18: 1374 | E18: PT06-Preservatives for products during storage | F18: true | G18: false | H18: false | I18: 0 | L18: Poland | N18: Initial application for approval in progress | O18: Competent authority evaluation | R18: - | S18: Under assessment | T18: https://echa.europa.eu/nl/information-on-chemicals/biocidal-active-substances/-/disas/factsheet/1374/PT06 | U18: 0 | V18: 100.020.655 | W18: https://echa.europa.eu/nl/substance-information/-/substanceinfo/100.020.655
A19: (ethylenedioxy)dimethanol (Reaction products of ethylene glycol with paraformaldehyde (EGForm)) | B19: 222-720-6 | C19: 3586-55-8 | D19: 1374 | E19: PT11-Preservatives for liquid-cooling and processing systems | F19: true | G19: false | H19: false | I19: 0 | L19: Poland | N19: Initial application for approval in progress | O19: Competent authority evaluation | R19: - | S19: Under assessment | T19: https://echa.europa.eu/nl/information-on-chemicals/biocidal-active-substances/-/disas/factsheet/1374/PT11 | U19: 0 | V19: 100.020.655 | W19: https://echa.europa.eu/nl/substance-information/-/substanceinfo/100.020.655
A20: (ethylenedioxy)dimethanol (Reaction products of ethylene glycol with paraformaldehyde (EGForm)) | B20: 222-720-6 | C20: 3586-55-8 | D20: 1374 | E20: PT12-Slimicides | F20: true | G20: false | H20: false | I20: 0 | L20: Poland | N20: Initial application for approval in progress | O20: Competent authority evaluation | R20: - | S20: Under assessment | T20: https://echa.europa.eu/nl/information-on-chemicals/biocidal-active-substances/-/disas/factsheet/1374/PT12 | U20: 0 | V20: 100.020.655 | W20: https://echa.europa.eu/nl/substance-information/-/substanceinfo/100.020.655
A21: (ethylenedioxy)dimethanol (Reaction products of ethylene glycol with paraformaldehyde (EGForm)) | B21: 222-720-6 | C21: 3586-55-8 | D21: 1374 | E21: PT13-Working or cutting fluid preservatives | F21: true | G21: false | H21: false | I21: 0 | L21: Poland | N21: Initial application for approval in progress | O21: Competent authority evaluation | R21: - | S21: Under assessment | T21: https://echa.europa.eu/nl/information-on-chemicals/biocidal-active-substances/-/disas/factsheet/1374/PT13 | U21: 0 | V21: 100.020.655 | W21: https://echa.europa.eu/nl/substance-information/-/substanceinfo/100.020.655
A22: (RS)-3-Allyl-2-methyl-4-oxocyclopent-2- enyl (1R,3R)-2,2-dimethyl-3-(2-methyl- prop-1-enyl)-cyclopropanecarboxylate (mixture of 2 isomers 1R trans: 1R/S only 1:3) (Esbiothrin) | B22: 807-421-6 | C22: 260359-57-7 | D22: 1301 | E22: PT18-Insecticides, acaricides and products to control other arthropods | F22: true | G22: false | H22: false | I22: 0 | L22: Germany | M22: Not approved | P22: Decision (EU) 2021/98 | Q22: http://eur-lex.europa.eu/legal-content/EN/ALL/?uri=CELEX:32021D0098 | R22: - | S22: Yes | T22: https://echa.europa.eu/nl/information-on-chemicals/biocidal-active-substances/-/disas/factsheet/1301/PT18 | U22: 0 | V22: 100.235.064 | W22: https://echa.europa.eu/nl/substance-information/-/substanceinfo/100.235.064
A23: (RS)-3-Allyl-2-methyl-4-oxocyclopent-2- enyl-(1R,3R;1R,3S)-2,2-dimethyl-3-(2- methylprop-1-enyl)-cyclopropanecarboxy- late (mixture of 4 isomers 1R trans, 1R:1R trans, 1S: 1R cis, 1R: 1R cis,1S 4:4:1:1) (d-Allethrin) | B23: 687-634-7 | C23: 231937-89-6 | D23: 1237 | E23: PT18-Insecticides, acaricides and products to control other arthropods | F23: true | G23: false | H23: false | I23: 0 | L23: Germany | M23: Not approved | P23: COMMISSION IMPLEMENTING DECISION (EU) 2023/470 | Q23: http://eur-lex.europa.eu/legal-content/EN/ALL/?uri=CELEX:32023D0470 | R23: - | S23: Yes | T23: https://echa.europa.eu/nl/information-on-chemicals/biocidal-active-substances/-/disas/factsheet/1237/PT18 | U23: 0 | V23: 100.213.665 | W23: https://echa.europa.eu/nl/substance-information/-/substanceinfo/100.213.665
A24: (RS)-α-cyano-3phenoxybenzyl-(1RS)-cis, trans-3-(2,2-dichlorovinyl)-2,2-dimethylcyclopropanecarboxylate (Cypermethrin) | B24: 257-842-9 | C24: 52315-07-8 | D24: 1283 | E24: PT08-Wood preservatives | F24: true | G24: false | H24: false | I24: 0 | J24: 01/06/2015 | K24: 31/05/2025 | L24: Belgium | M24: Approved | N24: Renewal in progress | O24: Competent authority evaluation | P24: Regulation (EU) 945/2013 | Q24: http://eur-lex.europa.eu/legal-content/EN/ALL/?uri=CELEX:32013R0945 | R24: EU-0005427-0000 | S24: Under assessment | T24: https://echa.europa.eu/nl/information-on-chemicals/biocidal-active-substances/-/disas/factsheet/1283/PT08 | U24: 78 | V24: 100.052.567 | W24: https://echa.europa.eu/nl/substance-information/-/substanceinfo/100.052.567
A25: (RS)-α-cyano-3phenoxybenzyl-(1RS)-cis, trans-3-(2,2-dichlorovinyl)-2,2-dimethylcyclopropanecarboxylate (Cypermethrin) | B25: 257-842-9 | C25: 52315-07-8 | D25: 1283 | E25: PT18-Insecticides, acaricides and products to control other arthropods | F25: true | G25: false | H25: false | I25: 0 | J25: 01/06/2020 | K25: 31/05/2030 | L25: Belgium | M25: Approved | N25: Other updates in progress | O25: - | P25: Reg(EU) 2018/1130 | Q25: http://eur-lex.europa.eu/legal-content/EN/ALL/?uri=CELEX:32018R1130 | R25: EU-0017395-0000 | S25: No | T25: https://echa.europa.eu/nl/information-on-chemicals/biocidal-active-substances/-/disas/factsheet/1283/PT18 | U25: 110 | V25: 100.052.567 | W25: https://echa.europa.eu/nl/substance-information/-/substanceinfo/100.052.567
A26: 1,2-benzisothiazol-3(2H)-one (BIT) | B26: 220-120-9 | C26: 2634-33-5 | D26: 1218 | E26: PT02-Disinfectants and algaecides not intended for direct application to humans or animals | F26: true | G26: false | H26: false | I26: 0 | L26: Spain | N26: Initial application for approval in progress | O26: Competent authority evaluation | R26: - | S26: Under assessment | T26: https://echa.europa.eu/nl/information-on-chemicals/biocidal-active-substances/-/disas/factsheet/1218/PT02 | U26: 0 | V26: 100.018.292 | W26: https://echa.europa.eu/nl/substance-information/-/substanceinfo/100.018.292
A27: 1,2-benzisothiazol-3(2H)-one (BIT) | B27: 220-120-9 | C27: 2634-33-5 | D27: 1218 | E27: PT06-Preservatives for products during storage | F27: true | G27: false | H27: false | I27: 0 | L27: Spain | N27: Initial application for approval in progress | O27: Commission decision | R27: - | S27: No | T27: https://echa.europa.eu/nl/information-on-chemicals/biocidal-active-substances/-/disas/factsheet/1218/PT06 | U27: 0 | V27: 100.018.292 | W27: https://echa.europa.eu/nl/substance-information/-/substanceinfo/100.018.292
A28: 1,2-benzisothiazol-3(2H)-one (BIT) | B28: 220-120-9 | C28: 2634-33-5 | D28: 1218 | E28: PT09-Fibre, leather, rubber and polymerised materials preservatives | F28: true | G28: false | H28: false | I28: 0 | L28: Spain | N28: Initial application for approval in progress | O28: Competent authority evaluation | R28: - | S28: Under assessment | T28: https://echa.europa.eu/nl/information-on-chemicals/biocidal-active-substances/-/disas/factsheet/1218/PT09 | U28: 0 | V28: 100.018.292 | W28: https://echa.europa.eu/nl/substance-information/-/substanceinfo/100.018.292
A29: 1,2-benzisothiazol-3(2H)-one (BIT) | B29: 220-120-9 | C29: 2634-33-5 | D29: 1218 | E29: PT10-Construction material preservatives | F29: false | G29: true | H29: false | I29: 0 | L29: Spain | M29: No longer supported | P29: COMMISSION IMPLEMENTING DECISION (EU) 2022/2325 | Q29: http://eur-lex.europa.eu/legal-content/EN/ALL/?uri=CELEX:32022D2325 | R29: - | S29: Under assessment | T29: https://echa.europa.eu/nl/information-on-chemicals/biocidal-active-substances/-/disas/factsheet/1218/PT10 | U29: 0 | V29: 100.018.292 | W29: https://echa.europa.eu/nl/substance-information/-/substanceinfo/100.018.292
A30: 1,2-benzisothiazol-3(2H)-one (BIT) | B30: 220-120-9 | C30: 2634-33-5 | D30: 1218 | E30: PT11-Preservatives for liquid-cooling and processing systems | F30: true | G30: false | H30: false | I30: 0 | L30: Spain | N30: Initial application for approval in progress | O30: Competent authority evaluation | R30: - | S30: Under assessment | T30: https://echa.europa.eu/nl/information-on-chemicals/biocidal-active-substances/-/disas/factsheet/1218/PT11 | U30: 0 | V30: 100.018.292 | W30: https://echa.europa.eu/nl/substance-information/-/substanceinfo/100.018.292
A31: 1,2-benzisothiazol-3(2H)-one (BIT) | B31: 220-120-9 | C31: 2634-33-5 | D31: 1218 | E31: PT12-Slimicides | F31: true | G31: false | H31: false | I31: 0 | L31: Spain | N31: Initial application for approval in progress | O31: Competent authority evaluation | R31: - | S31: Under assessment | T31: https://echa.europa.eu/nl/information-on-chemicals/biocidal-active-substances/-/disas/factsheet/1218/PT12 | U31: 0 | V31: 100.018.292 | W31: https://echa.europa.eu/nl/substance-information/-/substanceinfo/100.018.292
A32: 1,2-benzisothiazol-3(2H)-one (BIT) | B32: 220-120-9 | C32: 2634-33-5 | D32: 1218 | E32: PT13-Working or cutting fluid preservatives | F32: true | G32: false | H32: false | I32: 0 | L32: Spain | N32: Initial application for approval in progress | O32: Commission decision | R32: - | S32: No | T32: https://echa.europa.eu/nl/information-on-chemicals/biocidal-active-substances/-/disas/factsheet/1218/PT13 | U32: 0 | V32: 100.018.292 | W32: https://echa.europa.eu/nl/substance-information/-/substanceinfo/100.018.292
A33: 1,3-bis(hydroxymethyl)-5,5-dimethylimidazolidine-2,4-dione (DMDMH) | B33: 229-222-8 | C33: 6440-58-0 | D33: 1220 | E33: PT06-Preservatives for products during storage | F33: true | G33: false | H33: false | I33: 0 | L33: Poland | N33: Initial application for approval in progress | O33: Opinion development by BPC | R33: - | S33: Under assessment | T33: https://echa.europa.eu/nl/information-on-chemicals/biocidal-active-substances/-/disas/factsheet/1220/PT06 | U33: 0 | V33: 100.026.566 | W33: https://echa.europa.eu/nl/substance-information/-/substanceinfo/100.026.566
A34: 1,3-bis(hydroxymethyl)-5,5-dimethylimidazolidine-2,4-dione (DMDMH) | B34: 229-222-8 | C34: 6440-58-0 | D34: 1220 | E34: PT13-Working or cutting fluid preservatives | F34: true | G34: false | H34: false | I34: 0 | L34: Poland | N34: Initial application for approval in progress | O34: Opinion development by BPC | R34: - | S34: Under assessment | T34: https://echa.europa.eu/nl/information-on-chemicals/biocidal-active-substances/-/disas/factsheet/1220/PT13 | U34: 0 | V34: 100.026.566 | W34: https://echa.europa.eu/nl/substance-information/-/substanceinfo/100.026.566
A35: 1-(3,5-dichloro-4-(1,1,2,2-tetrafluoroethoxy)phenyl)-3-(2,6-difluorobenzoyl) urea (Hexaflumuron) | B35: 401-400-1 | C35: 86479-06-3 | D35: 1314 | E35: PT18-Insecticides, acaricides and products to control other arthropods | F35: true | G35: false | H35: false | I35: 0 | J35: 01/04/2017 | K35: 30/09/2024 | L35: Greece | M35: Approved | N35: Renewal in progress | O35: Competent authority evaluation | P35: Decision (EU) 2021/1299 | Q35: http://eur-lex.europa.eu/legal-content/EN/ALL/?uri=CELEX:32021D1299 | R35: EU-0012182-0000 | S35: Yes | T35: https://echa.europa.eu/nl/information-on-chemicals/biocidal-active-substances/-/disas/factsheet/1314/PT18 | U35: 0 | V35: 100.100.333 | W35: https://echa.europa.eu/nl/substance-information/-/substanceinfo/100.100.333
A36: 1-[2-(allyloxy)-2-(2,4-dichlorophenyl)ethyl]-1H-imidazole (Imazalil) | B36: 252-615-0 | C36: 35554-44-0 | D36: 1317 | E36: PT03-Veterinary hygiene | F36: true | G36: false | H36: false | I36: 0 | L36: Germany | M36: No longer supported | P36: Decision (EU) 2020/1036 | Q36: http://eur-lex.europa.eu/legal-content/EN/ALL/?uri=CELEX:32020D1036 | R36: - | S36: Under assessment | T36: https://echa.europa.eu/nl/information-on-chemicals/biocidal-active-substances/-/disas/factsheet/1317/PT03 | U36: 0 | V36: 100.047.817 | W36: https://echa.europa.eu/nl/substance-information/-/substanceinfo/100.047.817
A37: 1-[[2-(2,4-dichlorophenyl)-4-propyl-1,3-dioxolan-2-yl]methyl]-1H-1,2,4-triazole (Propiconazole) | B37: 262-104-4 | C37: 60207-90-1 | D37: 48 | E37: PT07-Film preservatives | F37: true | G37: false | H37: false | I37: 0 | J37: 01/12/2016 | K37: 30/11/2026 | L37: Finland | M37: Approved | P37: (EU)2015/1609 | Q37: http://eur-lex.europa.eu/legal-content/EN/ALL/?uri=CELEX:32015R1609 | R37: EU-0012160-0000 | S37: Yes | T37: https://echa.europa.eu/nl/information-on-chemicals/biocidal-active-substances/-/disas/factsheet/48/PT07 | U37: 1 | V37: 100.056.441 | W37: https://echa.europa.eu/nl/substance-information/-/substanceinfo/100.056.441
A38: 1-[[2-(2,4-dichlorophenyl)-4-propyl-1,3-dioxolan-2-yl]methyl]-1H-1,2,4-triazole (Propiconazole) | B38: 262-104-4 | C38: 60207-90-1 | D38: 48 | E38: PT08-Wood preservatives | F38: true | G38: false | H38: false | I38: 0 | J38: 01/04/2010 | K38: 30/11/2030 | L38: Finland | M38: Approved | P38: COMMISSION IMPLEMENTING REGULATION (EU) 2023/2596 | Q38: http://eur-lex.europa.eu/legal-content/EN/ALL/?uri=CELEX:32023R2596 | R38: EU-0005393-0000 | S38: Yes | T38: https://echa.europa.eu/nl/information-on-chemicals/biocidal-active-substances/-/disas/factsheet/48/PT08 | U38: 975 | V38: 100.056.441 | W38: https://echa.europa.eu/nl/substance-information/-/substanceinfo/100.056.441
A39: 1-[[2-(2,4-dichlorophenyl)-4-propyl-1,3-dioxolan-2-yl]methyl]-1H-1,2,4-triazole (Propiconazole) | B39: 262-104-4 | C39: 60207-90-1 | D39: 48 | E39: PT09-Fibre, leather, rubber and polymerised materials preservatives | F39: true | G39: false | H39: false | I39: 0 | J39: 01/06/2015 | K39: 31/05/2025 | L39: Finland | M39: Approved | P39: Regulation (EU) 955/2013 | Q39: http://eur-lex.europa.eu/legal-content/EN/ALL/?uri=CELEX:32013R0955 | R39: EU-0005394-0000 | S39: Yes | T39: https://echa.europa.eu/nl/information-on-chemicals/biocidal-active-substances/-/disas/factsheet/48/PT09 | U39: 0 | V39: 100.056.441 | W39: https://echa.europa.eu/nl/substance-information/-/substanceinfo/100.056.441
A40: 1-ethynyl-2-methylpent-2-enyl 2,2-dimethyl-3-(2-methylprop-1-enyl)cyclopropanecarboxylate (Empenthrin) | B40: 259-154-4 | C40: 54406-48-3 | D40: 1300 | E40: PT18-Insecticides, acaricides and products to control other arthropods | F40: true | G40: false | H40: false | I40: 0 | L40: Belgium | M40: Not approved | P40: Decision (EU) 2018/1251 | Q40: http://eur-lex.europa.eu/legal-content/EN/ALL/?uri=CELEX:32018D1251 | R40: - | S40: No | T40: https://echa.europa.eu/nl/information-on-chemicals/biocidal-active-substances/-/disas/factsheet/1300/PT18 | U40: 0 | V40: 100.053.759 | W40: https://echa.europa.eu/nl/substance-information/-/substanceinfo/100.053.759
A41: 1R-trans phenothrin | B41: 247-431-2 | C41: 26046-85-5 | D41: 59 | E41: PT18-Insecticides, acaricides and products to control other arthropods | F41: true | G41: false | H41: false | I41: 0 | J41: 01/09/2015 | K41: 31/08/2025 | L41: Ireland | M41: Approved | N41: Renewal in progress | O41: Competent authority evaluation | P41: Directive 2013/41/EU | Q41: http://eur-lex.europa.eu/legal-content/EN/ALL/?uri=CELEX:32013L0041 | R41: EU-0005409-0000 | S41: Yes | T41: https://echa.europa.eu/nl/information-on-chemicals/biocidal-active-substances/-/disas/factsheet/59/PT18 | U41: 34 | V41: 100.043.104 | W41: https://echa.europa.eu/nl/substance-information/-/substanceinfo/100.043.104
A42: 2,2-dibromo-2-cyanoacetamide (DBNPA) | B42: 233-539-7 | C42: 10222-01-2 | D42: 1224 | E42: PT02-Disinfectants and algaecides not intended for direct application to humans or animals | F42: true | G42: false | H42: false | I42: 0 | L42: Denmark | M42: No longer supported | P42: Commission Implementing Decision (EU) 2024/888 | Q42: http://eur-lex.europa.eu/legal-content/EN/ALL/?uri=CELEX:32024D0888 | R42: - | S42: Under assessment | T42: https://echa.europa.eu/nl/information-on-chemicals/biocidal-active-substances/-/disas/factsheet/1224/PT02 | U42: 0 | V42: 100.030.477 | W42: https://echa.europa.eu/nl/substance-information/-/substanceinfo/100.030.477
A43: 2,2-dibromo-2-cyanoacetamide (DBNPA) | B43: 233-539-7 | C43: 10222-01-2 | D43: 1224 | E43: PT04-Food and feed area | F43: true | G43: false | H43: false | I43: 0 | L43: Denmark | M43: Not approved | P43: COMMISSION IMPLEMENTING DECISION (EU) 2023/459 | Q43: http://eur-lex.europa.eu/legal-content/EN/ALL/?uri=CELEX:32023D0459 | R43: - | S43: Yes | T43: https://echa.europa.eu/nl/information-on-chemicals/biocidal-active-substances/-/disas/factsheet/1224/PT04 | U43: 0 | V43: 100.030.477 | W43: https://echa.europa.eu/nl/substance-information/-/substanceinfo/100.030.477
A44: 2,2-dibromo-2-cyanoacetamide (DBNPA) | B44: 233-539-7 | C44: 10222-01-2 | D44: 1224 | E44: PT06-Preservatives for products during storage | F44: true | G44: false | H44: false | I44: 0 | L44: Denmark | N44: Initial application for approval in progress | O44: Commission decision | R44: - | S44: Yes | T44: https://echa.europa.eu/nl/information-on-chemicals/biocidal-active-substances/-/disas/factsheet/1224/PT06 | U44: 0 | V44: 100.030.477 | W44: https://echa.europa.eu/nl/substance-information/-/substanceinfo/100.030.477
A45: 2,2-dibromo-2-cyanoacetamide (DBNPA) | B45: 233-539-7 | C45: 10222-01-2 | D45: 1224 | E45: PT11-Preservatives for liquid-cooling and processing systems | F45: true | G45: false | H45: false | I45: 0 | L45: Denmark | N45: Initial application for approval in progress | O45: Opinion development by BPC | R45: - | S45: Yes | T45: https://echa.europa.eu/nl/information-on-chemicals/biocidal-active-substances/-/disas/factsheet/1224/PT11 | U45: 0 | V45: 100.030.477 | W45: https://echa.europa.eu/nl/substance-information/-/substanceinfo/100.030.477
A46: 2,2-dibromo-2-cyanoacetamide (DBNPA) | B46: 233-539-7 | C46: 10222-01-2 | D46: 1224 | E46: PT12-Slimicides | F46: true | G46: false | H46: false | I46: 0 | L46: Denmark | N46: Initial application for approval in progress | O46: Competent authority evaluation | R46: - | S46: Yes | T46: https://echa.europa.eu/nl/information-on-chemicals/biocidal-active-substances/-/disas/factsheet/1224/PT12 | U46: 0 | V46: 100.030.477 | W46: https://echa.europa.eu/nl/substance-information/-/substanceinfo/100.030.477
A47: 2,2-dibromo-2-cyanoacetamide (DBNPA) | B47: 233-539-7 | C47: 10222-01-2 | D47: 1224 | E47: PT13-Working or cutting fluid preservatives | F47: true | G47: false | H47: false | I47: 0 | L47: Denmark | M47: No longer supported | P47: Decision (EU) 2021/1283 | Q47: http://eur-lex.europa.eu/legal-content/EN/ALL/?uri=CELEX:32021D1283 | R47: - | S47: Under assessment | T47: https://echa.europa.eu/nl/information-on-chemicals/biocidal-active-substances/-/disas/factsheet/1224/PT13 | U47: 0 | V47: 100.030.477 | W47: https://echa.europa.eu/nl/substance-information/-/substanceinfo/100.030.477
A48: 2,2′,2′′-(hexahydro-1,3,5-triazine-1,3,5- triyl)triethanol (HHT) | B48: 225-208-0 | C48: 4719-04-4 | D48: 1222 | E48: PT06-Preservatives for products during storage | F48: true | G48: false | H48: false | I48: 0 | L48: Poland | N48: Initial application for approval in progress | O48: Competent authority evaluation | R48: - | S48: Under assessment | T48: https://echa.europa.eu/nl/information-on-chemicals/biocidal-active-substances/-/disas/factsheet/1222/PT06 | U48: 0 | V48: 100.022.916 | W48: https://echa.europa.eu/nl/substance-information/-/substanceinfo/100.022.916
A49: 2,2′,2′′-(hexahydro-1,3,5-triazine-1,3,5- triyl)triethanol (HHT) | B49: 225-208-0 | C49: 4719-04-4 | D49: 1222 | E49: PT11-Preservatives for liquid-cooling and processing systems | F49: true | G49: false | H49: false | I49: 0 | L49: Poland | N49: Initial application for approval in progress | O49: Competent authority evaluation | R49: - | S49: Under assessment | T49: https://echa.europa.eu/nl/information-on-chemicals/biocidal-active-substances/-/disas/factsheet/1222/PT11 | U49: 0 | V49: 100.022.916 | W49: https://echa.europa.eu/nl/substance-information/-/substanceinfo/100.022.916
A50: 2,2′,2′′-(hexahydro-1,3,5-triazine-1,3,5- triyl)triethanol (HHT) | B50: 225-208-0 | C50: 4719-04-4 | D50: 1222 | E50: PT12-Slimicides | F50: true | G50: false | H50: false | I50: 0 | L50: Poland | N50: Initial application for approval in progress | O50: Competent authority evaluation | R50: - | S50: Under assessment | T50: https://echa.europa.eu/nl/information-on-chemicals/biocidal-active-substances/-/disas/factsheet/1222/PT12 | U50: 0 | V50: 100.022.916 | W50: https://echa.europa.eu/nl/substance-information/-/substanceinfo/100.022.916
A51: 2,2′,2′′-(hexahydro-1,3,5-triazine-1,3,5- triyl)triethanol (HHT) | B51: 225-208-0 | C51: 4719-04-4 | D51: 1222 | E51: PT13-Working or cutting fluid preservatives | F51: true | G51: false | H51: false | I51: 0 | L51: Poland | N51: Initial application for approval in progress | O51: Competent authority evaluation | R51: - | S51: Under assessment | T51: https://echa.europa.eu/nl/information-on-chemicals/biocidal-active-substances/-/disas/factsheet/1222/PT13 | U51: 0 | V51: 100.022.916 | W51: https://echa.europa.eu/nl/substance-information/-/substanceinfo/100.022.916
A52: 2,2′-dithiobis[N-methylbenzamide] (DTBMA) | B52: 219-768-5 | C52: 2527-58-4 | D52: 1223 | E52: PT06-Preservatives for products during storage | F52: true | G52: false | H52: false | I52: 0 | L52: Poland | N52: Initial application for approval in progress | O52: Competent authority evaluation | R52: - | S52: Under assessment | T52: https://echa.europa.eu/nl/information-on-chemicals/biocidal-active-substances/-/disas/factsheet/1223/PT06 | U52: 0 | V52: 100.017.971 | W52: https://echa.europa.eu/nl/substance-information/-/substanceinfo/100.017.971
A53: 2-(2-butoxyethoxy)ethyl 6-propylpiper-onyl ether (Piperonyl butoxide/PBO) | B53: 200-076-7 | C53: 51-03-6 | D53: 1344 | E53: PT18-Insecticides, acaricides and products to control other arthropods | F53: true | G53: false | H53: false | I53: 0 | J53: 01/07/2018 | K53: 30/06/2028 | L53: Greece | M53: Approved | P53: Reg. (EU)2016/2288 | Q53: http://eur-lex.europa.eu/legal-content/EN/ALL/?uri=CELEX:32016R2288 | R53: EU-0015053-0000 | S53: No | T53: https://echa.europa.eu/nl/information-on-chemicals/biocidal-active-substances/-/disas/factsheet/1344/PT18 | U53: 27 | V53: 100.000.070 | W53: https://echa.europa.eu/nl/substance-information/-/substanceinfo/100.000.070
A54: 2-bromo-2-(bromomethyl)pentanedinitrile (DBDCB) | B54: 252-681-0 | C54: 35691-65-7 | D54: 1226 | E54: PT06-Preservatives for products during storage | F54: true | G54: false | H54: false | I54: 0 | J54: 01/01/2018 | K54: 31/12/2027 | L54: Czech Republic | M54: Approved | P54: Reg (EU)2016/1086 | Q54: http://eur-lex.europa.eu/legal-content/EN/ALL/?uri=CELEX:32016R1086 | R54: EU-0013659-0000 | S54: No | T54: https://echa.europa.eu/nl/information-on-chemicals/biocidal-active-substances/-/disas/factsheet/1226/PT06 | U54: 0 | V54: 100.047.877 | W54: https://echa.europa.eu/nl/substance-information/-/substanceinfo/100.047.877
A55: 2-Butanone, peroxide | B55: 215-661-2 | C55: 1338-23-4 | D55: 1227 | E55: PT01-Human hygiene | F55: true | G55: false | H55: false | I55: 0 | L55: Hungary | M55: Not approved | P55: Decision (EU) 2016/108 | Q55: http://eur-lex.europa.eu/legal-content/EN/ALL/?uri=CELEX:32016D0108 | R55: - | S55: Under assessment | T55: https://echa.europa.eu/nl/information-on-chemicals/biocidal-active-substances/-/disas/factsheet/1227/PT01 | U55: 0 | V55: 100.014.238 | W55: https://echa.europa.eu/nl/substance-information/-/substanceinfo/100.014.238
A56: 2-Butanone, peroxide | B56: 215-661-2 | C56: 1338-23-4 | D56: 1227 | E56: PT02-Disinfectants and algaecides not intended for direct application to humans or animals | F56: true | G56: false | H56: false | I56: 0 | L56: Hungary | M56: Not approved | P56: Decision (EU) 2016/108 | Q56: http://eur-lex.europa.eu/legal-content/EN/ALL/?uri=CELEX:32016D0108 | R56: - | S56: Under assessment | T56: https://echa.europa.eu/nl/information-on-chemicals/biocidal-active-substances/-/disas/factsheet/1227/PT02 | U56: 0 | V56: 100.014.238 | W56: https://echa.europa.eu/nl/substance-information/-/substanceinfo/100.014.238
A57: 2-Butanone, peroxide | B57: 215-661-2 | C57: 1338-23-4 | D57: 1227 | E57: PT03-Veterinary hygiene | F57: true | G57: false | H57: false | I57: 0 | L57: Hungary | M57: Not approved | P57: Decision 2014/227/EU | Q57: http://eur-lex.europa.eu/legal-content/EN/ALL/?uri=CELEX:32014D0227 | R57: - | S57: Under assessment | T57: https://echa.europa.eu/nl/information-on-chemicals/biocidal-active-substances/-/disas/factsheet/1227/PT03 | U57: 0 | V57: 100.014.238 | W57: https://echa.europa.eu/nl/substance-information/-/substanceinfo/100.014.238
A58: 2-Butanone, peroxide | B58: 215-661-2 | C58: 1338-23-4 | D58: 1227 | E58: PT06-Preservatives for products during storage | F58: true | G58: false | H58: false | I58: 0 | L58: Hungary | M58: Not approved | P58: Decision 2014/227/EU | Q58: http://eur-lex.europa.eu/legal-content/EN/ALL/?uri=CELEX:32014D0227 | R58: - | S58: Under assessment | T58: https://echa.europa.eu/nl/information-on-chemicals/biocidal-active-substances/-/disas/factsheet/1227/PT06 | U58: 0 | V58: 100.014.238 | W58: https://echa.europa.eu/nl/substance-information/-/substanceinfo/100.014.238
A59: 2-butyl-benzo[d]isothiazol-3-one (BBIT) | B59: 420-590-7 | C59: 4299-07-4 | D59: 1228 | E59: PT06-Preservatives for products during storage | F59: true | G59: false | H59: false | I59: 0 | L59: Czech Republic | N59: Initial application for approval in progress | O59: Competent authority evaluation | R59: - | S59: Under assessment | T59: https://echa.europa.eu/nl/information-on-chemicals/biocidal-active-substances/-/disas/factsheet/1228/PT06 | U59: 0 | V59: 100.101.927 | W59: https://echa.europa.eu/nl/substance-information/-/substanceinfo/100.101.927
A60: 2-butyl-benzo[d]isothiazol-3-one (BBIT) | B60: 420-590-7 | C60: 4299-07-4 | D60: 1228 | E60: PT07-Film preservatives | F60: true | G60: false | H60: false | I60: 0 | L60: Czech Republic | N60: Initial application for approval in progress | O60: Competent authority evaluation | R60: - | S60: Under assessment | T60: https://echa.europa.eu/nl/information-on-chemicals/biocidal-active-substances/-/disas/factsheet/1228/PT07 | U60: 0 | V60: 100.101.927 | W60: https://echa.europa.eu/nl/substance-information/-/substanceinfo/100.101.927
A61: 2-butyl-benzo[d]isothiazol-3-one (BBIT) | B61: 420-590-7 | C61: 4299-07-4 | D61: 1228 | E61: PT09-Fibre, leather, rubber and polymerised materials preservatives | F61: true | G61: false | H61: false | I61: 0 | L61: Czech Republic | N61: Initial application for approval in progress | O61: Competent authority evaluation | R61: - | S61: Under assessment | T61: https://echa.europa.eu/nl/information-on-chemicals/biocidal-active-substances/-/disas/factsheet/1228/PT09 | U61: 0 | V61: 100.101.927 | W61: https://echa.europa.eu/nl/substance-information/-/substanceinfo/100.101.927
A62: 2-butyl-benzo[d]isothiazol-3-one (BBIT) | B62: 420-590-7 | C62: 4299-07-4 | D62: 1228 | E62: PT10-Construction material preservatives | F62: true | G62: false | H62: false | I62: 0 | L62: Czech Republic | N62: Initial application for approval in progress | O62: Competent authority evaluation | R62: - | S62: Under assessment | T62: https://echa.europa.eu/nl/information-on-chemicals/biocidal-active-substances/-/disas/factsheet/1228/PT10 | U62: 0 | V62: 100.101.927 | W62: https://echa.europa.eu/nl/substance-information/-/substanceinfo/100.101.927
A63: 2-butyl-benzo[d]isothiazol-3-one (BBIT) | B63: 420-590-7 | C63: 4299-07-4 | D63: 1228 | E63: PT13-Working or cutting fluid preservatives | F63: true | G63: false | H63: false | I63: 0 | L63: Czech Republic | N63: Initial application for approval in progress | O63: Competent authority evaluation | R63: - | S63: Under assessment | T63: https://echa.europa.eu/nl/information-on-chemicals/biocidal-active-substances/-/disas/factsheet/1228/PT13 | U63: 0 | V63: 100.101.927 | W63: https://echa.europa.eu/nl/substance-information/-/substanceinfo/100.101.927
A64: 2-chloro-N-[[[4-(trif luoromethoxy) phenyl]amino]carbonyl]benzamide (Triflumuron) | B64: 264-980-3 | C64: 64628-44-0 | D64: 1407 | E64: PT18-Insecticides, acaricides and products to control other arthropods | F64: true | G64: false | H64: false | I64: 0 | L64: Italy | M64: Not approved | P64: (EU) 2015/1736 | Q64: http://eur-lex.europa.eu/legal-content/EN/ALL/?uri=CELEX:32015D1736 | R64: - | S64: No | T64: https://echa.europa.eu/nl/information-on-chemicals/biocidal-active-substances/-/disas/factsheet/1407/PT18 | U64: 0 | V64: 100.059.055 | W64: https://echa.europa.eu/nl/substance-information/-/substanceinfo/100.059.055
A65: 2-hydroxy-α,α,4-trimethylcyclohexanemethanol | B65: 255-953-7 | C65: 42822-86-6 | D65: 2085 | E65: PT19-Repellents and attractants | F65: true | G65: false | H65: false | I65: 0 | L65: - | M65: No longer supported | P65: Decision (EU) 2021/1283 | Q65: http://eur-lex.europa.eu/legal-content/EN/ALL/?uri=CELEX:32021D1283 | R65: - | S65: Under assessment | T65: https://echa.europa.eu/nl/information-on-chemicals/biocidal-active-substances/-/disas/factsheet/2085/PT19 | U65: 0 | V65: 100.050.849 | W65: https://echa.europa.eu/nl/substance-information/-/substanceinfo/100.050.849
A66: 2-methyl-2,3-dihydro-1,2-thiazol-3-one hydrochloride | B66: 247-499-3 | C66: 26172-54-3 | D66: 2043 | E66: PT06-Preservatives for products during storage | F66: false | G66: true | H66: false | I66: 0 | L66: Slovenia | N66: Initial application for approval in progress | O66: Competent authority evaluation | R66: - | S66: Under assessment | T66: https://echa.europa.eu/nl/information-on-chemicals/biocidal-active-substances/-/disas/factsheet/2043/PT06 | U66: 0 | V66: 100.043.166 | W66: https://echa.europa.eu/nl/substance-information/-/substanceinfo/100.043.166
A67: 2-methyl-2H-isothiazol-3-one (MIT) | B67: 220-239-6 | C67: 2682-20-4 | D67: 1229 | E67: PT06-Preservatives for products during storage | F67: true | G67: false | H67: false | I67: 0 | L67: Slovenia | N67: Initial application for approval in progress | O67: Opinion development by BPC | R67: - | S67: Under assessment | T67: https://echa.europa.eu/nl/information-on-chemicals/biocidal-active-substances/-/disas/factsheet/1229/PT06 | U67: 0 | V67: 100.018.399 | W67: https://echa.europa.eu/nl/substance-information/-/substanceinfo/100.018.399
A68: 2-methyl-2H-isothiazol-3-one (MIT) | B68: 220-239-6 | C68: 2682-20-4 | D68: 1229 | E68: PT11-Preservatives for liquid-cooling and processing systems | F68: true | G68: false | H68: false | I68: 0 | J68: 01/01/2019 | K68: 31/12/2028 | L68: Slovenia | M68: Approved | P68: Reg (EU)2017/1278 | Q68: http://eur-lex.europa.eu/legal-content/EN/ALL/?uri=CELEX:32017R1278 | R68: EU-0016096-0000 | S68: No | T68: https://echa.europa.eu/nl/information-on-chemicals/biocidal-active-substances/-/disas/factsheet/1229/PT11 | U68: 0 | V68: 100.018.399 | W68: https://echa.europa.eu/nl/substance-information/-/substanceinfo/100.018.399
A69: 2-methyl-2H-isothiazol-3-one (MIT) | B69: 220-239-6 | C69: 2682-20-4 | D69: 1229 | E69: PT12-Slimicides | F69: true | G69: false | H69: false | I69: 0 | J69: 01/04/2019 | K69: 31/03/2029 | L69: Slovenia | M69: Approved | P69: Commission Implementing Regulation (EU) 2017/2004 | Q69: http://eur-lex.europa.eu/legal-content/EN/ALL/?uri=CELEX:32017R2004 | R69: EU-0016704-0000 | S69: No | T69: https://echa.europa.eu/nl/information-on-chemicals/biocidal-active-substances/-/disas/factsheet/1229/PT12 | U69: 0 | V69: 100.018.399 | W69: https://echa.europa.eu/nl/substance-information/-/substanceinfo/100.018.399
A70: 2-methyl-2H-isothiazol-3-one (MIT) | B70: 220-239-6 | C70: 2682-20-4 | D70: 1229 | E70: PT13-Working or cutting fluid preservatives | F70: true | G70: false | H70: false | I70: 0 | J70: 01/10/2016 | K70: 30/09/2026 | L70: Slovenia | M70: Approved | P70: (EU)2015/1726 | Q70: http://eur-lex.europa.eu/legal-content/EN/ALL/?uri=CELEX:32015R1726 | R70: EU-0012189-0000 | S70: No | T70: https://echa.europa.eu/nl/information-on-chemicals/biocidal-active-substances/-/disas/factsheet/1229/PT13 | U70: 0 | V70: 100.018.399 | W70: https://echa.europa.eu/nl/substance-information/-/substanceinfo/100.018.399
A71: 2-methyl-4-oxo-3-(prop-2-ynyl)cyclopent-2-en-1-yl 2,2-dimethyl-3-(2-methylprop-1-enyl)cyclopropanecarboxylate (Prallethrin) | B71: 245-387-9 | C71: 23031-36-9 | D71: 1353 | E71: PT18-Insecticides, acaricides and products to control other arthropods | F71: true | G71: false | H71: false | I71: 0 | L71: Greece | N71: Initial application for approval in progress | O71: Commission decision | R71: - | S71: Under assessment | T71: https://echa.europa.eu/nl/information-on-chemicals/biocidal-active-substances/-/disas/factsheet/1353/PT18 | U71: 0 | V71: 100.041.246 | W71: https://echa.europa.eu/nl/substance-information/-/substanceinfo/100.041.246
A72: 2-octyl-2H-isothiazol-3-one (OIT) | B72: 247-761-7 | C72: 26530-20-1 | D72: 1230 | E72: PT06-Preservatives for products during storage | F72: true | G72: false | H72: false | I72: 0 | L72: France | N72: Initial application for approval in progress | O72: Competent authority evaluation | R72: - | S72: Under assessment | T72: https://echa.europa.eu/nl/information-on-chemicals/biocidal-active-substances/-/disas/factsheet/1230/PT06 | U72: 0 | V72: 100.043.404 | W72: https://echa.europa.eu/nl/substance-information/-/substanceinfo/100.043.404
A73: 2-octyl-2H-isothiazol-3-one (OIT) | B73: 247-761-7 | C73: 26530-20-1 | D73: 1230 | E73: PT07-Film preservatives | F73: true | G73: false | H73: false | I73: 0 | L73: France | N73: Initial application for approval in progress | O73: Competent authority evaluation | R73: - | S73: Under assessment | T73: https://echa.europa.eu/nl/information-on-chemicals/biocidal-active-substances/-/disas/factsheet/1230/PT07 | U73: 0 | V73: 100.043.404 | W73: https://echa.europa.eu/nl/substance-information/-/substanceinfo/100.043.404
A74: 2-octyl-2H-isothiazol-3-one (OIT) | B74: 247-761-7 | C74: 26530-20-1 | D74: 1230 | E74: PT08-Wood preservatives | F74: false | G74: true | H74: false | I74: 0 | J74: 01/01/2018 | K74: 31/12/2027 | L74: United Kingdom | M74: Approved | P74: Reg (EU)2017/1277 | Q74: http://eur-lex.europa.eu/legal-content/EN/ALL/?uri=CELEX:32017R1277 | R74: EU-0016126-0000 | S74: No | T74: https://echa.europa.eu/nl/information-on-chemicals/biocidal-active-substances/-/disas/factsheet/1230/PT08 | U74: 0 | V74: 100.043.404 | W74: https://echa.europa.eu/nl/substance-information/-/substanceinfo/100.043.404
A75: 2-octyl-2H-isothiazol-3-one (OIT) | B75: 247-761-7 | C75: 26530-20-1 | D75: 1230 | E75: PT09-Fibre, leather, rubber and polymerised materials preservatives | F75: true | G75: false | H75: false | I75: 0 | L75: France | N75: Initial application for approval in progress | O75: Competent authority evaluation | R75: - | S75: Under assessment | T75: https://echa.europa.eu/nl/information-on-chemicals/biocidal-active-substances/-/disas/factsheet/1230/PT09 | U75: 0 | V75: 100.043.404 | W75: https://echa.europa.eu/nl/substance-information/-/substanceinfo/100.043.404
A76: 2-octyl-2H-isothiazol-3-one (OIT) | B76: 247-761-7 | C76: 26530-20-1 | D76: 1230 | E76: PT10-Construction material preservatives | F76: true | G76: false | H76: false | I76: 0 | L76: France | N76: Initial application for approval in progress | O76: Competent authority evaluation | R76: - | S76: Under assessment | T76: https://echa.europa.eu/nl/information-on-chemicals/biocidal-active-substances/-/disas/factsheet/1230/PT10 | U76: 0 | V76: 100.043.404 | W76: https://echa.europa.eu/nl/substance-information/-/substanceinfo/100.043.404
A77: 2-octyl-2H-isothiazol-3-one (OIT) | B77: 247-761-7 | C77: 26530-20-1 | D77: 1230 | E77: PT11-Preservatives for liquid-cooling and processing systems | F77: true | G77: false | H77: false | I77: 0 | L77: France | N77: Initial application for approval in progress | O77: Competent authority evaluation | R77: - | S77: Under assessment | T77: https://echa.europa.eu/nl/information-on-chemicals/biocidal-active-substances/-/disas/factsheet/1230/PT11 | U77: 0 | V77: 100.043.404 | W77: https://echa.europa.eu/nl/substance-information/-/substanceinfo/100.043.404
A78: 2-octyl-2H-isothiazol-3-one (OIT) | B78: 247-761-7 | C78: 26530-20-1 | D78: 1230 | E78: PT13-Working or cutting fluid preservatives | F78: true | G78: false | H78: false | I78: 0 | L78: France | N78: Initial application for approval in progress | O78: Competent authority evaluation | R78: - | S78: Under assessment | T78: https://echa.europa.eu/nl/information-on-chemicals/biocidal-active-substances/-/disas/factsheet/1230/PT13 | U78: 0 | V78: 100.043.404 | W78: https://echa.europa.eu/nl/substance-information/-/substanceinfo/100.043.404
A79: 2-Phenoxyethanol | B79: 204-589-7 | C79: 122-99-6 | D79: 1231 | E79: PT01-Human hygiene | F79: true | G79: false | H79: false | I79: 0 | L79: Italy | N79: Initial application for approval in progress | O79: Commission decision | R79: - | S79: No | T79: https://echa.europa.eu/nl/information-on-chemicals/biocidal-active-substances/-/disas/factsheet/1231/PT01 | U79: 0 | V79: 100.004.173 | W79: https://echa.europa.eu/nl/substance-information/-/substanceinfo/100.004.173
A80: 2-Phenoxyethanol | B80: 204-589-7 | C80: 122-99-6 | D80: 1231 | E80: PT02-Disinfectants and algaecides not intended for direct application to humans or animals | F80: true | G80: false | H80: false | I80: 0 | L80: Italy | N80: Initial application for approval in progress | O80: Commission decision | R80: - | S80: No | T80: https://echa.europa.eu/nl/information-on-chemicals/biocidal-active-substances/-/disas/factsheet/1231/PT02 | U80: 0 | V80: 100.004.173 | W80: https://echa.europa.eu/nl/substance-information/-/substanceinfo/100.004.173
A81: 2-Phenoxyethanol | B81: 204-589-7 | C81: 122-99-6 | D81: 1231 | E81: PT03-Veterinary hygiene | F81: true | G81: false | H81: false | I81: 0 | L81: United Kingdom | M81: Not approved | P81: Decision 2014/227/EU | Q81: http://eur-lex.europa.eu/legal-content/EN/ALL/?uri=CELEX:32014D0227 | R81: - | S81: Under assessment | T81: https://echa.europa.eu/nl/information-on-chemicals/biocidal-active-substances/-/disas/factsheet/1231/PT03 | U81: 0 | V81: 100.004.173 | W81: https://echa.europa.eu/nl/substance-information/-/substanceinfo/100.004.173
A82: 2-Phenoxyethanol | B82: 204-589-7 | C82: 122-99-6 | D82: 1231 | E82: PT04-Food and feed area | F82: true | G82: false | H82: false | I82: 0 | L82: Italy | N82: Initial application for approval in progress | O82: Commission decision | R82: - | S82: No | T82: https://echa.europa.eu/nl/information-on-chemicals/biocidal-active-substances/-/disas/factsheet/1231/PT04 | U82: 0 | V82: 100.004.173 | W82: https://echa.europa.eu/nl/substance-information/-/substanceinfo/100.004.173
A83: 2-Phenoxyethanol | B83: 204-589-7 | C83: 122-99-6 | D83: 1231 | E83: PT06-Preservatives for products during storage | F83: true | G83: false | H83: false | I83: 0 | L83: United Kingdom | M83: Cancelled application | R83: - | S83: Under assessment | T83: https://echa.europa.eu/nl/information-on-chemicals/biocidal-active-substances/-/disas/factsheet/1231/PT06 | U83: 0 | V83: 100.004.173 | W83: https://echa.europa.eu/nl/substance-information/-/substanceinfo/100.004.173
A84: 2-Phenoxyethanol | B84: 204-589-7 | C84: 122-99-6 | D84: 1231 | E84: PT13-Working or cutting fluid preservatives | F84: true | G84: false | H84: false | I84: 0 | L84: United Kingdom | M84: Cancelled application | R84: - | S84: Under assessment | T84: https://echa.europa.eu/nl/information-on-chemicals/biocidal-active-substances/-/disas/factsheet/1231/PT13 | U84: 0 | V84: 100.004.173 | W84: https://echa.europa.eu/nl/substance-information/-/substanceinfo/100.004.173
A85: 2-Propenoic acid, 2-methyl-, butyl ester, polymer with butyl 2-propenoate and methyl 2-methyl-2-propenoate (CAS nr: 25322-99-0)/ Polymeric quaternary ammonium bromide (PQ Polymer) | B85: - | C85: - | D85: 1664 | E85: PT02-Disinfectants and algaecides not intended for direct application to humans or animals | F85: false | G85: true | H85: false | I85: 0 | L85: Netherlands | M85: Not approved | R85: - | S85: Under assessment | T85: https://echa.europa.eu/nl/information-on-chemicals/biocidal-active-substances/-/disas/factsheet/1664/PT02 | U85: 0 | V85: 100.265.844 | W85: https://echa.europa.eu/nl/substance-information/-/substanceinfo/100.265.844
A86: 2-Propenoic acid, 2-methyl-, butyl ester, polymer with butyl 2-propenoate and methyl 2-methyl-2-propenoate (CAS nr: 25322-99-0)/ Polymeric quaternary ammonium bromide (PQ Polymer) | B86: - | C86: - | D86: 1664 | E86: PT07-Film preservatives | F86: false | G86: true | H86: false | I86: 0 | L86: Netherlands | M86: Not approved | R86: - | S86: Under assessment | T86: https://echa.europa.eu/nl/information-on-chemicals/biocidal-active-substances/-/disas/factsheet/1664/PT07 | U86: 0 | V86: 100.265.844 | W86: https://echa.europa.eu/nl/substance-information/-/substanceinfo/100.265.844
A87: 2-thiazol-4-yl-1H-benzoimidazole (Thiabendazole) | B87: 205-725-8 | C87: 148-79-8 | D87: 52 | E87: PT07-Film preservatives | F87: true | G87: false | H87: false | I87: 0 | L87: Spain | N87: Initial application for approval in progress | O87: Competent authority evaluation | R87: - | S87: No | T87: https://echa.europa.eu/nl/information-on-chemicals/biocidal-active-substances/-/disas/factsheet/52/PT07 | U87: 0 | V87: 100.005.206 | W87: https://echa.europa.eu/nl/substance-information/-/substanceinfo/100.005.206
A88: 2-thiazol-4-yl-1H-benzoimidazole (Thiabendazole) | B88: 205-725-8 | C88: 148-79-8 | D88: 52 | E88: PT08-Wood preservatives | F88: true | G88: false | H88: false | I88: 0 | J88: 01/07/2010 | K88: 30/06/2020 | L88: Spain | M88: Expired | P88: Directive 2008/85/EC | Q88: http://eur-lex.europa.eu/legal-content/EN/ALL/?uri=CELEX:32008L0085 | R88: EU-0005401-0000 | S88: No | T88: https://echa.europa.eu/nl/information-on-chemicals/biocidal-active-substances/-/disas/factsheet/52/PT08 | U88: 0 | V88: 100.005.206 | W88: https://echa.europa.eu/nl/substance-information/-/substanceinfo/100.005.206
A89: 2-thiazol-4-yl-1H-benzoimidazole (Thiabendazole) | B89: 205-725-8 | C89: 148-79-8 | D89: 52 | E89: PT09-Fibre, leather, rubber and polymerised materials preservatives | F89: true | G89: false | H89: false | I89: 0 | L89: Spain | N89: Initial application for approval in progress | O89: Competent authority evaluation | R89: - | S89: No | T89: https://echa.europa.eu/nl/information-on-chemicals/biocidal-active-substances/-/disas/factsheet/52/PT09 | U89: 0 | V89: 100.005.206 | W89: https://echa.europa.eu/nl/substance-information/-/substanceinfo/100.005.206
A90: 2-thiazol-4-yl-1H-benzoimidazole (Thiabendazole) | B90: 205-725-8 | C90: 148-79-8 | D90: 52 | E90: PT10-Construction material preservatives | F90: true | G90: false | H90: false | I90: 0 | L90: Spain | N90: Initial application for approval in progress | O90: Competent authority evaluation | R90: - | S90: No | T90: https://echa.europa.eu/nl/information-on-chemicals/biocidal-active-substances/-/disas/factsheet/52/PT10 | U90: 0 | V90: 100.005.206 | W90: https://echa.europa.eu/nl/substance-information/-/substanceinfo/100.005.206
A91: 3-(4-isopropylphenyl)-1,1-dimethylurea/ Isoproturon | B91: 251-835-4 | C91: 34123-59-6 | D91: 1321 | E91: PT07-Film preservatives | F91: true | G91: false | H91: false | I91: 0 | L91: Germany | N91: Initial application for approval in progress | O91: Competent authority evaluation | R91: - | S91: Under assessment | T91: https://echa.europa.eu/nl/information-on-chemicals/biocidal-active-substances/-/disas/factsheet/1321/PT07 | U91: 0 | V91: 100.047.108 | W91: https://echa.europa.eu/nl/substance-information/-/substanceinfo/100.047.108
A92: 3-(4-isopropylphenyl)-1,1-dimethylurea/ Isoproturon | B92: 251-835-4 | C92: 34123-59-6 | D92: 1321 | E92: PT10-Construction material preservatives | F92: true | G92: false | H92: false | I92: 0 | L92: Germany | N92: Initial application for approval in progress | O92: Competent authority evaluation | R92: - | S92: Under assessment | T92: https://echa.europa.eu/nl/information-on-chemicals/biocidal-active-substances/-/disas/factsheet/1321/PT10 | U92: 0 | V92: 100.047.108 | W92: https://echa.europa.eu/nl/substance-information/-/substanceinfo/100.047.108
